,POLE_LAT,POLE_LONG,POLE_ZIPCODE,POLE_POP_SCALED,POLE_SUB_DIST,POLE_SUB_DIST_SCALED,POLE_ZONE,SYNTH_SENSOR_DATA,FAKE_OR_SYNTH,POLE_CRIT_LABEL,POLE_CRIT_CALC,Population,Distance,Zone,Tilt Angle
0,37.3004791,-121.9543924,95008,0.397310299,1.436875148,0.783977536,0,0.333333333,1,,,Medium,High,Urban,Low
1,37.2816897,-122.0189597,95070,0.268768215,0.25344903,0.115830826,1,1,1,,,Low,Low,Forest,High
2,37.2816897,-122.0166085,95070,0.268768215,0.09290184,0.025188009,1,1,1,,,Low,Low,Forest,High
3,37.2795579,-121.9894266,95070,0.268768215,1.789135851,0.982859263,1,1,1,,,Low,High,Forest,High
4,37.298107,-121.9530383,95008,0.397310299,1.328130838,0.722581939,0,0.333333333,1,,,Medium,High,Urban,Low
5,37.2795579,-121.9550796,95032,0.22024123,1.219499168,0.661249937,1,1,1,,,Low,Medium,Forest,High
6,37.2886359,-121.9624128,95032,0.22024123,1.299981771,0.706689349,1,1,1,,,Low,High,Forest,High
7,37.2857072,-121.9712965,95032,0.22024123,1.213793254,0.658028454,1,0.666666667,1,,,Low,Medium,Forest,Medium
8,37.2886359,-121.9571407,95032,0.22024123,1.421253673,0.775157859,1,0.666666667,1,,,Low,High,Forest,Medium
9,37.2918084,-122.0148289,95070,0.268768215,0.395462671,0.196009847,1,1,1,,,Low,Low,Forest,High
10,37.2857072,-121.9768024,95032,0.22024123,1.370768067,0.746654354,1,0.333333333,1,,,Low,High,Forest,Low
11,37.2795579,-121.9591318,95032,0.22024123,1.063057603,0.572925102,1,0.333333333,1,,,Low,Medium,Forest,Low
12,37.2886359,-121.9685083,95032,0.22024123,1.280324698,0.695591226,1,0.333333333,1,,,Low,High,Forest,Low
13,37.3049715,-121.9943138,95051,0.476904035,0.829345902,0.440974572,0,0.666666667,1,,,High,Medium,Urban,Medium
14,37.2857072,-122.0094674,95070,0.268768215,0.43809853,0.220081488,1,1,1,,,Low,Low,Forest,High
15,37.2899865,-121.9981833,95070,0.268768215,1.22765814,0.665856385,1,1,1,,,Low,Medium,Forest,High
16,37.2857072,-121.9359549,95008,0.397310299,0.258994159,0.118961533,0,1,1,,,Medium,Low,Urban,High
17,37.2973888,-121.9474158,95008,0.397310299,0.941775739,0.504450968,0,0.666666667,1,,,Medium,Medium,Urban,Medium
18,37.3028574,-121.9931802,95051,0.476904035,0.920367981,0.492364432,0,1,1,,,High,Medium,Urban,High
19,37.3028574,-121.9939976,95051,0.476904035,0.909259789,0.486092894,0,0.666666667,1,,,High,Medium,Urban,Medium
20,37.2857072,-122.003931,95070,0.268768215,0.804371799,0.426874524,1,1,1,,,Low,Medium,Forest,High
21,37.2989946,-121.9651317,95032,0.22024123,1.652474294,0.905701959,1,1,1,,,Low,High,Forest,High
22,37.2991858,-122.0064041,95070,0.268768215,0.905365944,0.48389448,1,1,1,,,Low,Medium,Forest,High
23,37.3005419,-121.9989353,95051,0.476904035,0.999430303,0.537001972,0,0.333333333,1,,,High,Medium,Urban,Low
24,37.3085199,-121.9964838,95051,0.476904035,0.689494313,0.362016217,0,0.666666667,1,,,High,Medium,Urban,Medium
25,37.3049715,-121.9947377,95051,0.476904035,0.82526685,0.438671593,0,0.666666667,1,,,High,Medium,Urban,Medium
26,37.3005419,-122.0023205,95051,0.476904035,1.068757575,0.576143231,0,0.333333333,1,,,High,Medium,Urban,Low
27,37.2857072,-121.9827065,95032,0.22024123,1.623482195,0.889333403,1,1,1,,,Low,High,Forest,High
28,37.2886359,-121.9693154,95032,0.22024123,1.288066147,0.699961946,1,0.666666667,1,,,Low,High,Forest,Medium
29,37.298107,-121.9596214,95032,0.22024123,1.683009229,0.922941578,1,1,1,,,Low,High,Forest,High
30,37.3004791,-121.9664577,95051,0.476904035,1.637142326,0.897045732,0,1,1,,,High,High,Urban,High
31,37.3085199,-121.9924486,95051,0.476904035,0.736183891,0.388376534,0,0.666666667,1,,,High,Medium,Urban,Medium
32,37.3049715,-122.0112639,95070,0.268768215,0.919686077,0.491979438,1,1,1,,,Low,Medium,Forest,High
33,37.2795579,-121.9594172,95032,0.22024123,1.053969688,0.567794186,1,0.666666667,1,,,Low,Medium,Forest,Medium
34,37.2899865,-122.0037534,95070,0.268768215,0.862836533,0.459882938,1,0.666666667,1,,,Low,Medium,Forest,Medium
35,37.2973888,-121.9965805,95051,0.476904035,1.097065453,0.592125484,0,0.333333333,1,,,High,Medium,Urban,Low
36,37.3028574,-121.9950849,95051,0.476904035,0.899781393,0.480741517,0,0.666666667,1,,,High,Medium,Urban,Medium
37,37.2989946,-121.956237,95008,0.397310299,1.551455868,0.848668293,0,0.333333333,1,,,Medium,High,Urban,Low
38,37.2857072,-121.9681649,95032,0.22024123,1.17118865,0.633974459,1,0.333333333,1,,,Low,Medium,Forest,Low
39,37.2945064,-122.016686,95070,0.268768215,0.502041982,0.256183114,1,0.666666667,1,,,Low,Low,Forest,Medium
40,37.2989946,-121.9599711,95032,0.22024123,1.707867499,0.936976228,1,1,1,,,Low,High,Forest,High
41,37.3028574,-121.9943559,95051,0.476904035,0.905458916,0.483946971,0,0.666666667,1,,,High,Medium,Urban,Medium
42,37.2991858,-121.9974636,95051,0.476904035,1.034682509,0.5569049,0,0.666666667,1,,,High,Medium,Urban,Medium
43,37.2831277,-121.9634813,95032,0.22024123,1.087962218,0.586985918,1,0.666666667,1,,,Low,Medium,Forest,Medium
44,37.2918084,-121.9913894,95051,0.476904035,1.342669635,0.730790352,0,0.666666667,1,,,High,High,Urban,Medium
45,37.3028574,-121.9984143,95051,0.476904035,0.909565902,0.486265721,0,1,1,,,High,Medium,Urban,High
46,37.2899865,-122.0065505,95070,0.268768215,0.687931338,0.361133782,1,1,1,,,Low,Medium,Forest,High
47,37.3004791,-121.9695423,95051,0.476904035,1.540552086,0.842512162,0,0.333333333,1,,,High,High,Urban,Low
48,37.2989946,-121.9774102,95051,0.476904035,1.469117423,0.802181098,0,0.333333333,1,,,High,High,Urban,Low
49,37.2973888,-121.9915585,95051,0.476904035,1.142504559,0.617779801,0,1,1,,,High,Medium,Urban,High
50,37.2945064,-122.0177152,95070,0.268768215,0.520249064,0.266462591,1,0.333333333,1,,,Low,Low,Forest,Low
51,37.3085199,-122.0021441,95051,0.476904035,0.802527979,0.425833527,0,0.666666667,1,,,High,Medium,Urban,Medium
52,37.2989946,-121.9712997,95051,0.476904035,1.547741152,0.846571014,0,0.333333333,1,,,High,High,Urban,Low
53,37.3004791,-121.9709377,95051,0.476904035,1.504758471,0.822303562,0,0.666666667,1,,,High,High,Urban,Medium
54,37.2991858,-122.0009642,95051,0.476904035,1.08239616,0.583843395,0,0.666666667,1,,,High,Medium,Urban,Medium
55,37.3049715,-122.0173599,95070,0.268768215,0.887696275,0.473918419,1,1,1,,,Low,Medium,Forest,High
56,37.2989946,-121.9795277,95051,0.476904035,1.469453582,0.802370889,0,1,1,,,High,High,Urban,High
57,37.2918084,-121.9906506,95051,0.476904035,1.356184328,0.738420568,0,1,1,,,High,High,Urban,High
58,37.3004791,-121.9773635,95051,0.476904035,1.415024789,0.771641113,0,0.666666667,1,,,High,High,Urban,Medium
59,37.2973888,-121.9972767,95051,0.476904035,1.099296273,0.593384975,0,0.666666667,1,,,High,Medium,Urban,Medium
60,37.2991858,-121.9989416,95051,0.476904035,1.048305457,0.564596236,0,1,1,,,High,Medium,Urban,High
61,37.2918084,-121.9957094,95051,0.476904035,1.301471092,0.7075302,0,0.333333333,1,,,High,High,Urban,Low
62,37.2945064,-122.0192713,95070,0.268768215,0.563922499,0.291120034,1,0.333333333,1,,,Low,Low,Forest,Low
63,37.3004791,-121.9774605,95051,0.476904035,1.41469466,0.771454727,0,1,1,,,High,High,Urban,High
64,37.2899865,-122.0128469,95070,0.268768215,0.368850569,0.180985006,1,0.333333333,1,,,Low,Low,Forest,Low
65,37.3049715,-121.9913735,95051,0.476904035,0.884227038,0.471959734,0,1,1,,,High,Medium,Urban,High
66,37.2816897,-122.0159186,95070,0.268768215,0.048288662,0,1,1,1,,,Low,Low,Forest,High
67,37.2945064,-121.9934579,95051,0.476904035,1.217008511,0.659843746,0,0.666666667,1,,,High,Medium,Urban,Medium
68,37.3049715,-122.000688,95051,0.476904035,0.876021768,0.467327147,0,0.666666667,1,,,High,Medium,Urban,Medium
69,37.2886359,-121.9698378,95032,0.22024123,1.294333747,0.703500549,1,0.333333333,1,,,Low,High,Forest,Low
70,37.2936298,-121.9822742,95051,0.476904035,1.564705759,0.856149006,0,1,1,,,High,High,Urban,High
71,37.2991858,-122.0001791,95051,0.476904035,1.0671212,0.575219355,0,1,1,,,High,Medium,Urban,High
72,37.2795579,-121.9598291,95032,0.22024123,1.041372384,0.560681915,1,0.666666667,1,,,Low,Medium,Forest,Medium
73,37.2973888,-121.9860742,95051,0.476904035,1.300596978,0.707036687,0,0.666666667,1,,,High,High,Urban,Medium
74,37.3004791,-121.9847882,95051,0.476904035,1.26031456,0.684293767,0,1,1,,,High,High,Urban,High
75,37.3004791,-121.9790161,95051,0.476904035,1.4137375,0.770914327,0,0.666666667,1,,,High,High,Urban,Medium
76,37.2945064,-121.9750673,95032,0.22024123,1.604150889,0.878419204,1,1,1,,,Low,High,Forest,High
77,37.2882109,-121.9915775,95051,0.476904035,1.467764562,0.80141729,0,0.666666667,1,,,High,High,Urban,Medium
78,37.2831277,-121.9641137,95032,0.22024123,1.080901671,0.582999627,1,0.666666667,1,,,Low,Medium,Forest,Medium
79,37.2991858,-122.0026931,95070,0.268768215,1.095852344,0.591440579,1,1,1,,,Low,Medium,Forest,High
80,37.3028574,-122.0081437,95070,0.268768215,0.939687482,0.503271966,1,1,1,,,Low,Medium,Forest,High
81,37.3028574,-122.0026166,95051,0.476904035,1.000384725,0.537540826,0,0.333333333,1,,,High,Medium,Urban,Low
82,37.2973888,-121.9738842,95051,0.476904035,1.558065575,0.852400046,0,0.333333333,1,,,High,High,Urban,Low
83,37.2857072,-121.9296438,95008,0.397310299,0.381602725,0.188184705,0,0.666666667,1,,,Medium,Low,Urban,Medium
84,37.2857072,-121.9975929,95070,0.268768215,1.235852624,0.670482883,1,0.666666667,1,,,Low,High,Forest,Medium
85,37.2973888,-121.9728856,95051,0.476904035,1.57339663,0.861055757,0,1,1,,,High,High,Urban,High
86,37.2936298,-121.9587466,95032,0.22024123,1.54569032,0.845413141,1,0.666666667,1,,,Low,High,Forest,Medium
87,37.3006486,-121.9724591,95051,0.476904035,1.465996253,0.800418927,0,0.666666667,1,,,High,High,Urban,Medium
88,37.3006486,-121.9788248,95051,0.476904035,1.407210836,0.767229459,0,0.333333333,1,,,High,High,Urban,Low
89,37.2960894,-121.9789385,95051,0.476904035,1.574183359,0.861499934,0,0.666666667,1,,,High,High,Urban,Medium
90,37.2795579,-121.964513,95032,0.22024123,0.947764617,0.507832209,1,1,1,,,Low,Medium,Forest,High
91,37.2973888,-121.9859682,95051,0.476904035,1.304548522,0.709267676,0,0.666666667,1,,,High,High,Urban,Medium
92,37.2936298,-121.9886419,95051,0.476904035,1.340041151,0.729306345,0,1,1,,,High,High,Urban,High
93,37.298107,-121.9600532,95032,0.22024123,1.675038241,0.918441264,1,0.666666667,1,,,Low,High,Forest,Medium
94,37.3006486,-121.9691414,95051,0.476904035,1.546144275,0.845669438,0,0.333333333,1,,,High,High,Urban,Low
95,37.3006486,-121.9659739,95051,0.476904035,1.648977375,0.903727644,0,0.333333333,1,,,High,High,Urban,Low
96,37.2795579,-121.9539787,95032,0.22024123,1.269360954,0.689401241,1,0.333333333,1,,,Low,High,Forest,Low
97,37.2973888,-121.9797593,95051,0.476904035,1.529028565,0.836006135,0,0.333333333,1,,,High,High,Urban,Low
98,37.2936298,-121.9914221,95051,0.476904035,1.277580002,0.694041607,0,0.666666667,1,,,High,High,Urban,Medium
99,37.2991858,-122.008831,95070,0.268768215,0.800943254,0.424938813,1,1,1,,,Low,Medium,Forest,High
100,37.3085199,-122.0035075,95051,0.476904035,0.85463127,0.455250356,0,1,1,,,High,Medium,Urban,High
101,37.2973888,-121.9774598,95051,0.476904035,1.527663917,0.835235673,0,0.666666667,1,,,High,High,Urban,Medium
102,37.2882109,-121.9916712,95051,0.476904035,1.466372587,0.8006314,0,0.666666667,1,,,High,High,Urban,Medium
103,37.2918084,-122.0138652,95070,0.268768215,0.406477551,0.202228702,1,0.333333333,1,,,Low,Low,Forest,Low
104,37.3028574,-122.0095728,95070,0.268768215,0.89164471,0.476147653,1,1,1,,,Low,Medium,Forest,High
105,37.2857072,-121.9892108,95051,0.476904035,1.598849574,0.875426152,0,0.333333333,1,,,High,High,Urban,Low
106,37.2831277,-121.9655457,95032,0.22024123,1.071348405,0.577605979,1,0.666666667,1,,,Low,Medium,Forest,Medium
107,37.2857072,-121.9236807,95008,0.397310299,0.754511233,0.398723909,0,0.333333333,1,,,Medium,Medium,Urban,Low
108,37.3028574,-121.9674622,95051,0.476904035,1.52708083,0.83490647,0,0.666666667,1,,,High,High,Urban,Medium
109,37.3049715,-122.0049427,95051,0.476904035,1.018067249,0.547524144,0,1,1,,,High,Medium,Urban,High
110,37.2936298,-121.9964758,95051,0.476904035,1.234516947,0.669728776,0,1,1,,,High,High,Urban,High
111,37.2991858,-122.015265,95070,0.268768215,0.664333104,0.347810532,1,0.333333333,1,,,Low,Medium,Forest,Low
112,37.2989946,-122.0029307,95070,0.268768215,1.078561562,0.581678432,1,1,1,,,Low,Medium,Forest,High
113,37.2886359,-121.9751467,95032,0.22024123,1.409819844,0.76870247,1,0.333333333,1,,,Low,High,Forest,Low
114,37.3085199,-121.9884254,95051,0.476904035,0.873569833,0.465942817,0,0.333333333,1,,,High,Medium,Urban,Low
115,37.3085199,-122.0053858,95051,0.476904035,0.937239382,0.501889802,0,0.333333333,1,,,High,Medium,Urban,Low
116,37.3075707,-121.9605941,95051,0.476904035,1.687730311,0.925607039,0,1,1,,,High,High,Urban,High
117,37.2918084,-121.9840365,95051,0.476904035,1.548537029,0.847020356,0,0.333333333,1,,,High,High,Urban,Low
118,37.3075707,-121.966289,95051,0.476904035,1.426101123,0.777894665,0,0.333333333,1,,,High,High,Urban,Low
119,37.3005419,-121.9925096,95051,0.476904035,1.013750103,0.545086741,0,0.333333333,1,,,High,Medium,Urban,Low
120,37.2918084,-121.9829285,95051,0.476904035,1.591356932,0.871195905,0,0.333333333,1,,,High,High,Urban,Low
121,37.2973888,-121.9507834,95008,0.397310299,1.170127458,0.633375324,0,0.333333333,1,,,Medium,Medium,Urban,Low
122,37.2816897,-121.9855373,95032,0.22024123,1.672048423,0.916753253,1,0.666666667,1,,,Low,High,Forest,Medium
123,37.3004791,-122.0147355,95070,0.268768215,0.712793071,0.375170387,1,0.333333333,1,,,Low,Medium,Forest,Low
124,37.2831277,-121.9658901,95032,0.22024123,1.070403386,0.577072434,1,1,1,,,Low,Medium,Forest,High
125,37.2973888,-121.955024,95008,0.397310299,1.459627816,0.796823392,0,0.666666667,1,,,Medium,High,Urban,Medium
126,37.3005419,-122.012478,95070,0.268768215,0.740260043,0.390677875,1,0.333333333,1,,,Low,Medium,Forest,Low
127,37.2857072,-121.9374106,95008,0.397310299,0.320846387,0.153882481,0,1,1,,,Medium,Low,Urban,High
128,37.3085199,-122.0109769,95070,0.268768215,1.049741279,0.565406882,1,1,1,,,Low,Medium,Forest,High
129,37.2795579,-121.9675657,95032,0.22024123,0.943220721,0.505266786,1,1,1,,,Low,Medium,Forest,High
130,37.2795579,-121.9701014,95032,0.22024123,0.974774247,0.523081489,1,0.666666667,1,,,Low,Medium,Forest,Medium
131,37.2795579,-121.9744865,95032,0.22024123,1.095327186,0.591144081,1,1,1,,,Low,Medium,Forest,High
132,37.2831277,-121.9715694,95032,0.22024123,1.129479357,0.610425945,1,0.333333333,1,,,Low,Medium,Forest,Low
133,37.2918084,-122.0077142,95070,0.268768215,0.656160945,0.343196639,1,0.333333333,1,,,Low,Medium,Forest,Low
134,37.3049715,-122.0110735,95070,0.268768215,0.923765693,0.494282735,1,0.333333333,1,,,Low,Medium,Forest,Low
135,37.2886359,-121.9813154,95032,0.22024123,1.639665539,0.898470305,1,0.333333333,1,,,Low,High,Forest,Low
136,37.2886359,-121.9564142,95032,0.22024123,1.444383839,0.788216844,1,1,1,,,Low,High,Forest,High
137,37.2989946,-121.9861406,95051,0.476904035,1.248874764,0.67783501,0,0.333333333,1,,,High,High,Urban,Low
138,37.2882109,-121.9546855,95008,0.397310299,1.428484694,0.779240397,0,0.333333333,1,,,Medium,High,Urban,Low
139,37.2882109,-122.0195862,95070,0.268768215,0.395248107,0.195888706,1,0.333333333,1,,,Low,Low,Forest,Low
140,37.2857072,-121.9630836,95032,0.22024123,1.185773609,0.642208934,1,0.666666667,1,,,Low,Medium,Forest,Medium
141,37.3075707,-121.9691253,95051,0.476904035,1.320436691,0.718237926,0,0.333333333,1,,,High,High,Urban,Low
142,37.2960894,-122.0076438,95070,0.268768215,0.764091446,0.40413277,1,0.666666667,1,,,Low,Medium,Forest,Medium
143,37.2857072,-121.9910889,95051,0.476904035,1.564617222,0.85609902,0,1,1,,,High,High,Urban,High
144,37.2936298,-121.9609228,95032,0.22024123,1.501390326,0.820401952,1,1,1,,,Low,High,Forest,High
145,37.3004791,-122.0092043,95070,0.268768215,0.827207981,0.43976753,1,1,1,,,Low,Medium,Forest,High
146,37.2831277,-121.988599,95051,0.476904035,1.70166362,0.933473601,0,0.666666667,1,,,High,High,Urban,Medium
147,37.2795579,-121.988956,95051,0.476904035,1.819495643,1,0,0.666666667,1,,,High,High,Urban,Medium
148,37.298107,-121.964688,95032,0.22024123,1.621900991,0.888440677,1,0.333333333,1,,,Low,High,Forest,Low
149,37.3005419,-122.013203,95070,0.268768215,0.728640462,0.384117614,1,0.333333333,1,,,Low,Medium,Forest,Low
150,37.2960894,-121.9845807,95051,0.476904035,1.397523203,0.76175995,0,1,1,,,High,High,Urban,High
151,37.2899865,-122.0175883,95070,0.268768215,0.363316932,0.177860788,1,0.333333333,1,,,Low,Low,Forest,Low
152,37.3028574,-122.0127834,95070,0.268768215,0.81761357,0.434350653,1,1,1,,,Low,Medium,Forest,High
153,37.2795579,-121.9954484,95070,0.268768215,1.373297235,0.748082289,1,0.333333333,1,,,Low,High,Forest,Low
154,37.2945064,-122.0107829,95070,0.268768215,0.583670133,0.302269287,1,1,1,,,Low,Low,Forest,High
155,37.2989946,-121.9899802,95051,0.476904035,1.123188235,0.606874061,0,1,1,,,High,Medium,Urban,High
156,37.2936298,-121.9612485,95032,0.22024123,1.495948166,0.81732938,1,1,1,,,Low,High,Forest,High
157,37.2899865,-121.982439,95051,0.476904035,1.665381606,0.912989256,0,0.333333333,1,,,High,High,Urban,Low
158,37.2936298,-121.9633506,95032,0.22024123,1.468655207,0.801920137,1,1,1,,,Low,High,Forest,High
159,37.2960894,-122.0025432,95070,0.268768215,1.039838679,0.559816005,1,0.333333333,1,,,Low,Medium,Forest,Low
160,37.3049715,-121.9873176,95051,0.476904035,1.023260347,0.550456099,0,0.666666667,1,,,High,Medium,Urban,Medium
161,37.3005419,-122.0195403,95070,0.268768215,0.771627984,0.4083878,1,0.666666667,1,,,Low,Medium,Forest,Medium
162,37.2857072,-122.0156579,95070,0.268768215,0.172294858,0.070012256,1,1,1,,,Low,Low,Forest,High
163,37.3028574,-121.9901786,95051,0.476904035,0.988149498,0.530632979,0,0.666666667,1,,,High,Medium,Urban,Medium
164,37.2989946,-121.953034,95008,0.397310299,1.333795539,0.725780155,0,0.333333333,1,,,Medium,High,Urban,Low
165,37.2936298,-121.9672694,95032,0.22024123,1.455596205,0.794547197,1,0.666666667,1,,,Low,High,Forest,Medium
166,37.2945064,-121.9891903,95051,0.476904035,1.295930571,0.704402095,0,1,1,,,High,High,Urban,High
167,37.2857072,-121.9419646,95008,0.397310299,0.588055346,0.30474512,0,0.666666667,1,,,Medium,Low,Urban,Medium
168,37.298107,-121.968819,95032,0.22024123,1.627054594,0.891350333,1,0.333333333,1,,,Low,High,Forest,Low
169,37.2882109,-122.0169681,95070,0.268768215,0.286307445,0.134382252,1,1,1,,,Low,Low,Forest,High
170,37.3004791,-121.9885193,95051,0.476904035,1.117386904,0.603598706,0,1,1,,,High,Medium,Urban,High
171,37.3004791,-121.9933314,95051,0.476904035,1.003262592,0.539165631,0,0.333333333,1,,,High,Medium,Urban,Low
172,37.3085199,-122.0117867,95070,0.268768215,1.035192732,0.557192965,1,0.333333333,1,,,Low,Medium,Forest,Low
173,37.3028574,-122.017103,95070,0.268768215,0.808422228,0.429161342,1,0.666666667,1,,,Low,Medium,Forest,Medium
174,37.2960894,-121.95032,95008,0.397310299,1.131146823,0.611367374,0,0.333333333,1,,,Medium,Medium,Urban,Low
175,37.2960894,-121.985462,95051,0.476904035,1.363477445,0.742538165,0,0.666666667,1,,,High,High,Urban,Medium
176,37.3049715,-122.0065653,95070,0.268768215,1.064211285,0.573576456,1,0.666666667,1,,,Low,Medium,Forest,Medium
177,37.2936298,-121.9685237,95032,0.22024123,1.462025036,0.79817683,1,0.666666667,1,,,Low,High,Forest,Medium
178,37.3004791,-122.0073567,95070,0.268768215,0.899010578,0.480306325,1,0.666666667,1,,,Low,Medium,Forest,Medium
179,37.3075707,-122.0136877,95070,0.268768215,0.977884336,0.524837404,1,0.333333333,1,,,Low,Medium,Forest,Low
180,37.2960894,-122.0130191,95070,0.268768215,0.573125907,0.296316157,1,0.666666667,1,,,Low,Low,Forest,Medium
181,37.3075707,-122.0115176,95070,0.268768215,1.006105821,0.54077088,1,0.333333333,1,,,Low,Medium,Forest,Low
182,37.3049715,-121.9862594,95051,0.476904035,1.068687414,0.576103619,0,0.666666667,1,,,High,Medium,Urban,Medium
183,37.2899865,-121.9875541,95051,0.476904035,1.49224092,0.815236318,0,0.666666667,1,,,High,High,Urban,Medium
184,37.3049715,-121.9840374,95051,0.476904035,1.173216734,0.635119489,0,1,1,,,High,Medium,Urban,High
185,37.2973888,-121.9602637,95032,0.22024123,1.645914746,0.901998524,1,0.333333333,1,,,Low,High,Forest,Low
186,37.2816897,-122.0137783,95070,0.268768215,0.108220189,0.033836546,1,0.666666667,1,,,Low,Low,Forest,Medium
187,37.3006486,-121.9847584,95051,0.476904035,1.256770656,0.682292926,0,0.666666667,1,,,High,High,Urban,Medium
188,37.2831277,-122.0189932,95070,0.268768215,0.26580554,0.122807148,1,0.333333333,1,,,Low,Low,Forest,Low
189,37.2882109,-121.9521044,95008,0.397310299,1.251030552,0.679052139,0,1,1,,,Medium,High,Urban,High
190,37.2795579,-121.9787602,95032,0.22024123,1.272650264,0.691258342,1,1,1,,,Low,High,Forest,High
191,37.2882109,-121.9579513,95032,0.22024123,1.382994951,0.753557491,1,1,1,,,Low,High,Forest,High
192,37.3004791,-122.0042391,95070,0.268768215,1.044639644,0.562526567,1,0.333333333,1,,,Low,Medium,Forest,Low
193,37.2973888,-121.9599255,95032,0.22024123,1.652019967,0.905445452,1,1,1,,,Low,High,Forest,High
194,37.3005419,-122.0116961,95070,0.268768215,0.756318707,0.399744385,1,0.333333333,1,,,Low,Medium,Forest,Low
195,37.3028574,-121.9679561,95051,0.476904035,1.510448659,0.825516167,0,0.333333333,1,,,High,High,Urban,Low
196,37.2973888,-121.9591477,95032,0.22024123,1.66721936,0.914026828,1,0.333333333,1,,,Low,High,Forest,Low
197,37.2991858,-121.9920423,95051,0.476904035,1.070076525,0.576887893,0,0.666666667,1,,,High,Medium,Urban,Medium
198,37.2991858,-121.9639199,95032,0.22024123,1.665730848,0.913186433,1,0.333333333,1,,,Low,High,Forest,Low
199,37.3075707,-121.9718232,95051,0.476904035,1.240479422,0.673095111,0,0.333333333,1,,,High,High,Urban,Low
200,37.2918084,-122.0037682,95070,0.268768215,0.889373987,0.474865633,1,1,1,,,Low,Medium,Forest,High
201,37.2857072,-121.9431663,95008,0.397310299,0.665521978,0.348481754,0,1,1,,,Medium,Medium,Urban,High
202,37.2936298,-121.9998436,95070,0.268768215,1.163599881,0.62968994,1,0.666666667,1,,,Low,Medium,Forest,Medium
203,37.2899865,-121.9925167,95051,0.476904035,1.391096231,0.758131366,0,1,1,,,High,High,Urban,High
204,37.2960894,-122.0189223,95070,0.268768215,0.604907533,0.314259642,1,0.666666667,1,,,Low,Low,Forest,Medium
205,37.2936298,-121.9750516,95032,0.22024123,1.57406673,0.861434086,1,0.333333333,1,,,Low,High,Forest,Low
206,37.2795579,-121.9975566,95070,0.268768215,1.227754909,0.66591102,1,0.333333333,1,,,Low,Medium,Forest,Low
207,37.2991858,-121.9861696,95051,0.476904035,1.241948347,0.673924446,0,0.333333333,1,,,High,High,Urban,Low
208,37.2816897,-121.9906291,95070,0.268768215,1.70537156,0.935567054,1,1,1,,,Low,High,Forest,High
209,37.3085199,-121.9858154,95051,0.476904035,0.994613615,0.534282534,0,0.333333333,1,,,High,Medium,Urban,Low
210,37.2960894,-121.9909321,95051,0.476904035,1.200626046,0.650594423,0,1,1,,,High,Medium,Urban,High
211,37.2945064,-121.9863035,95051,0.476904035,1.382823866,0.753460899,0,0.666666667,1,,,High,High,Urban,Medium
212,37.2945064,-122.0042816,95070,0.268768215,0.907365828,0.485023588,1,1,1,,,Low,Medium,Forest,High
213,37.2960894,-121.9916046,95051,0.476904035,1.187387695,0.643120225,0,0.666666667,1,,,High,Medium,Urban,Medium
214,37.2989946,-122.0090149,95070,0.268768215,0.788066809,0.417668943,1,1,1,,,Low,Medium,Forest,High
215,37.2886359,-121.9958347,95070,0.268768215,1.373893223,0.748418776,1,0.333333333,1,,,Low,High,Forest,Low
216,37.2989946,-121.9941333,95051,0.476904035,1.047644565,0.564223105,0,0.333333333,1,,,High,Medium,Urban,Low
217,37.2989946,-121.9965092,95051,0.476904035,1.038174018,0.55887616,0,0.666666667,1,,,High,Medium,Urban,Medium
218,37.2960894,-122.0208775,95070,0.268768215,0.672065604,0.352176199,1,0.666666667,1,,,Low,Medium,Forest,Medium
219,37.2831277,-122.0147021,95070,0.268768215,0.086829498,0.021759645,1,1,1,,,Low,Low,Forest,High
220,37.3006486,-121.98972,95051,0.476904035,1.074844883,0.579580045,0,1,1,,,High,Medium,Urban,High
221,37.298107,-121.9698493,95051,0.476904035,1.612614477,0.883197634,0,0.333333333,1,,,High,High,Urban,Low
222,37.2973888,-121.9632039,95032,0.22024123,1.606242024,0.879599831,1,1,1,,,Low,High,Forest,High
223,37.2945064,-121.9993336,95070,0.268768215,1.208768243,0.655191399,1,0.666666667,1,,,Low,Medium,Forest,Medium
224,37.3005419,-121.9873893,95051,0.476904035,1.154522944,0.624565222,0,1,1,,,High,Medium,Urban,High
225,37.2899865,-121.9952944,95051,0.476904035,1.369147755,0.745739548,0,1,1,,,High,High,Urban,High
226,37.2831277,-121.9916682,95070,0.268768215,1.635181914,0.89593891,1,1,1,,,Low,High,Forest,High
227,37.2960894,-121.9516144,95008,0.397310299,1.219811769,0.661426428,0,0.666666667,1,,,Medium,Medium,Urban,Medium
228,37.2831277,-121.9754498,95032,0.22024123,1.241624233,0.673741456,1,0.666666667,1,,,Low,High,Forest,Medium
229,37.2857072,-121.9491126,95008,0.397310299,1.061310606,0.571938771,0,0.666666667,1,,,Medium,Medium,Urban,Medium
230,37.298107,-121.974871,95051,0.476904035,1.51985283,0.830825637,0,0.333333333,1,,,High,High,Urban,Low
231,37.298107,-121.9780979,95051,0.476904035,1.500105753,0.819676699,0,1,1,,,High,High,Urban,High
232,37.3004791,-121.9970566,95051,0.476904035,0.985406322,0.529084218,0,1,1,,,High,Medium,Urban,High
233,37.2857072,-121.9604665,95032,0.22024123,1.232865778,0.668796549,1,0.666666667,1,,,Low,High,Forest,Medium
234,37.2991858,-121.9826598,95051,0.476904035,1.391815564,0.758537493,0,0.333333333,1,,,High,High,Urban,Low
235,37.3006486,-121.9975118,95051,0.476904035,0.981630215,0.526952278,0,0.666666667,1,,,High,Medium,Urban,Medium
236,37.3028574,-122.0200333,95070,0.268768215,0.863040384,0.45999803,1,0.333333333,1,,,Low,Medium,Forest,Low
237,37.2918084,-122.0032118,95070,0.268768215,0.923996733,0.494413177,1,0.333333333,1,,,Low,Medium,Forest,Low
238,37.2960894,-121.9519983,95008,0.397310299,1.246129784,0.676285231,0,0.333333333,1,,,Medium,High,Urban,Low
239,37.3028574,-121.9723283,95051,0.476904035,1.391332214,0.758264599,0,0.666666667,1,,,High,High,Urban,Medium
240,37.2960894,-121.9573979,95008,0.397310299,1.617018089,0.885683855,0,1,1,,,Medium,High,Urban,High
241,37.2795579,-121.9842032,95032,0.22024123,1.551429536,0.848653427,1,1,1,,,Low,High,Forest,High
242,37.2816897,-121.9825733,95032,0.22024123,1.514651418,0.827888988,1,0.333333333,1,,,Low,High,Forest,Low
243,37.2857072,-121.9531547,95008,0.397310299,1.335567161,0.726780389,0,0.333333333,1,,,Medium,High,Urban,Low
244,37.3004791,-122.0026398,95051,0.476904035,1.079785547,0.582369478,0,0.333333333,1,,,High,Medium,Urban,Low
245,37.3004791,-122.0025453,95051,0.476904035,1.077107873,0.580857698,0,0.666666667,1,,,High,Medium,Urban,Medium
246,37.3075707,-122.0048461,95051,0.476904035,0.938913507,0.50283499,0,0.666666667,1,,,High,Medium,Urban,Medium
247,37.2816897,-122.011514,95070,0.268768215,0.263158328,0.121312567,1,0.333333333,1,,,Low,Low,Forest,Low
248,37.2945064,-121.9414237,95008,0.397310299,0.514968731,0.263481385,0,1,1,,,Medium,Low,Urban,High
249,37.2936298,-122.0147542,95070,0.268768215,0.462382893,0.233792118,1,1,1,,,Low,Low,Forest,High
250,37.298107,-122.001449,95051,0.476904035,1.130399378,0.610945376,0,0.666666667,1,,,High,Medium,Urban,Medium
251,37.3075707,-121.9995789,95051,0.476904035,0.760808023,0.402278993,0,1,1,,,High,Medium,Urban,High
252,37.3006486,-121.9912645,95051,0.476904035,1.035000035,0.557084171,0,0.666666667,1,,,High,Medium,Urban,Medium
253,37.2936298,-121.9764668,95032,0.22024123,1.614032957,0.883998489,1,1,1,,,Low,High,Forest,High
254,37.2936298,-122.0170253,95070,0.268768215,0.475857761,0.241399849,1,0.666666667,1,,,Low,Low,Forest,Medium
255,37.2882109,-122.0104479,95070,0.268768215,0.426074879,0.213293094,1,1,1,,,Low,Low,Forest,High
256,37.3006486,-122.0024081,95051,0.476904035,1.067591849,0.575485077,0,1,1,,,High,Medium,Urban,High
257,37.3085199,-121.9652343,95051,0.476904035,1.443041414,0.787458929,0,0.666666667,1,,,High,High,Urban,Medium
258,37.3028574,-121.9793411,95051,0.476904035,1.327628399,0.722298269,0,0.666666667,1,,,High,High,Urban,Medium
259,37.3085199,-121.9601713,95051,0.476904035,1.685932955,0.924592276,0,0.333333333,1,,,High,High,Urban,Low
260,37.2816897,-121.9801176,95032,0.22024123,1.393611215,0.759551293,1,0.666666667,1,,,Low,High,Forest,Medium
261,37.2882109,-121.9598376,95032,0.22024123,1.33368176,0.725715917,1,0.666666667,1,,,Low,High,Forest,Medium
262,37.2882109,-121.998313,95070,0.268768215,1.203197078,0.652045993,1,0.333333333,1,,,Low,Medium,Forest,Low
263,37.2918084,-122.0012886,95070,0.268768215,1.045729969,0.563142149,1,0.333333333,1,,,Low,Medium,Forest,Low
264,37.3006486,-121.9954784,95051,0.476904035,0.978630964,0.52525894,0,0.666666667,1,,,High,Medium,Urban,Medium
265,37.2918084,-122.0017196,95070,0.268768215,1.018206361,0.547602685,1,0.333333333,1,,,Low,Medium,Forest,Low
266,37.3075707,-121.9781053,95051,0.476904035,1.153835899,0.624177326,0,1,1,,,High,Medium,Urban,High
267,37.2831277,-121.9860147,95032,0.22024123,1.730388895,0.94969151,1,0.333333333,1,,,Low,High,Forest,Low
268,37.2973888,-121.966552,95032,0.22024123,1.591732763,0.871408095,1,0.666666667,1,,,Low,High,Forest,Medium
269,37.2882109,-121.9763759,95032,0.22024123,1.434910795,0.782868489,1,0.666666667,1,,,Low,High,Forest,Medium
270,37.2882109,-122.008093,95070,0.268768215,0.563282467,0.290758681,1,1,1,,,Low,Low,Forest,High
271,37.3075707,-121.9947162,95051,0.476904035,0.731116874,0.385515764,0,1,1,,,High,Medium,Urban,High
272,37.2945064,-121.966783,95032,0.22024123,1.48654385,0.812019828,1,0.666666667,1,,,Low,High,Forest,Medium
273,37.2882109,-122.0079206,95070,0.268768215,0.573851324,0.296725717,1,0.333333333,1,,,Low,Low,Forest,Low
274,37.2816897,-121.9960314,95070,0.268768215,1.332130718,0.724840219,1,1,1,,,Low,High,Forest,High
275,37.2918084,-121.9571268,95032,0.22024123,1.526332954,0.834484229,1,0.666666667,1,,,Low,High,Forest,Medium
276,37.2973888,-122.020521,95070,0.268768215,0.698593721,0.367153622,1,0.666666667,1,,,Low,Medium,Forest,Medium
277,37.2816897,-121.998489,95070,0.268768215,1.162346557,0.62898233,1,1,1,,,Low,Medium,Forest,High
278,37.3049715,-121.9819763,95051,0.476904035,1.272665533,0.691266963,0,0.333333333,1,,,High,High,Urban,Low
279,37.2899865,-121.9491844,95008,0.397310299,1.044368933,0.562373727,0,0.666666667,1,,,Medium,Medium,Urban,Medium
280,37.3075707,-121.9883041,95051,0.476904035,0.906251647,0.484394536,0,0.333333333,1,,,High,Medium,Urban,Low
281,37.3028574,-121.9744121,95051,0.476904035,1.354732063,0.737600639,0,0.333333333,1,,,High,High,Urban,Low
282,37.3085199,-121.9654745,95051,0.476904035,1.432617963,0.781573986,0,0.333333333,1,,,High,High,Urban,Low
283,37.2882109,-122.0036151,95070,0.268768215,0.84940964,0.452302292,1,1,1,,,Low,Medium,Forest,High
284,37.2816897,-122.0036798,95070,0.268768215,0.80378006,0.426540436,1,0.333333333,1,,,Low,Medium,Forest,Low
285,37.298107,-121.9789965,95051,0.476904035,1.500470037,0.819882369,0,1,1,,,High,High,Urban,High
286,37.3028574,-121.976084,95051,0.476904035,1.335903864,0.726970487,0,0.333333333,1,,,High,High,Urban,Low
287,37.2899865,-121.9500366,95008,0.397310299,1.103132952,0.595551114,0,0.333333333,1,,,Medium,Medium,Urban,Low
288,37.2882109,-121.9660897,95032,0.22024123,1.25602881,0.68187409,1,0.333333333,1,,,Low,High,Forest,Low
289,37.3075707,-121.9841704,95051,0.476904035,1.101949548,0.594882979,0,0.333333333,1,,,High,Medium,Urban,Low
290,37.2960894,-121.9623835,95032,0.22024123,1.568014593,0.85801713,1,0.333333333,1,,,Low,High,Forest,Low
291,37.2882109,-122.0013375,95070,0.268768215,1.000275978,0.537479429,1,0.666666667,1,,,Low,Medium,Forest,Medium
292,37.2945064,-121.9617397,95032,0.22024123,1.519686232,0.830731578,1,1,1,,,Low,High,Forest,High
293,37.2831277,-121.9796294,95032,0.22024123,1.410277019,0.768960585,1,1,1,,,Low,High,Forest,High
294,37.2899865,-121.9794375,95032,0.22024123,1.601495445,0.876919976,1,1,1,,,Low,High,Forest,High
295,37.3005419,-121.9631152,95032,0.22024123,1.721381062,0.944605807,1,0.333333333,1,,,Low,High,Forest,Low
296,37.2795579,-121.9888017,95032,0.22024123,1.814536433,0.997200095,1,0.333333333,1,,,Low,High,Forest,Low
297,37.2991858,-121.9690143,95051,0.476904035,1.598548384,0.875256104,0,0.333333333,1,,,High,High,Urban,Low
298,37.2918084,-121.9699424,95032,0.22024123,1.409777923,0.768678802,1,0.333333333,1,,,Low,High,Forest,Low
299,37.2989946,-122.0120156,95070,0.268768215,0.695538221,0.365428528,1,1,1,,,Low,Medium,Forest,High
300,37.2831277,-121.9811012,95032,0.22024123,1.478542666,0.807502465,1,0.666666667,1,,,Low,High,Forest,Medium
301,37.2945064,-121.9444669,95008,0.397310299,0.722600226,0.380707377,0,0.666666667,1,,,Medium,Medium,Urban,Medium
302,37.2882109,-121.9460277,95008,0.397310299,0.834754494,0.444028191,0,0.666666667,1,,,Medium,Medium,Urban,Medium
303,37.3004791,-121.9629688,95032,0.22024123,1.720436817,0.944072699,1,1,1,,,Low,High,Forest,High
304,37.2918084,-121.9586116,95032,0.22024123,1.486511895,0.812001786,1,0.333333333,1,,,Low,High,Forest,Low
305,37.3085199,-121.9583983,95051,0.476904035,1.779432709,0.977380998,0,0.333333333,1,,,High,High,Urban,Low
306,37.2882109,-121.9749696,95032,0.22024123,1.390516457,0.757804034,1,0.333333333,1,,,Low,High,Forest,Low
307,37.2882109,-121.9707435,95032,0.22024123,1.292378492,0.702396639,1,0.666666667,1,,,Low,High,Forest,Medium
308,37.3004791,-121.9595143,95032,0.22024123,1.768529064,0.971224945,1,1,1,,,Low,High,Forest,High
309,37.2816897,-122.0112123,95070,0.268768215,0.283928452,0.133039104,1,0.333333333,1,,,Low,Low,Forest,Low
310,37.2899865,-121.9509173,95008,0.397310299,1.163875053,0.629845299,0,0.666666667,1,,,Medium,Medium,Urban,Medium
311,37.2816897,-121.9614736,95032,0.22024123,1.071350358,0.577607082,1,1,1,,,Low,Medium,Forest,High
312,37.2899865,-121.9511478,95008,0.397310299,1.179774605,0.638821975,0,0.333333333,1,,,Medium,Medium,Urban,Low
313,37.2816897,-122.0061486,95070,0.268768215,0.633283828,0.330280522,1,1,1,,,Low,Low,Forest,High
314,37.3006486,-122.0090668,95070,0.268768215,0.837408335,0.445526515,1,0.666666667,1,,,Low,Medium,Forest,Medium
315,37.2816897,-122.0102665,95070,0.268768215,0.349099962,0.169834075,1,0.333333333,1,,,Low,Low,Forest,Low
316,37.3005419,-121.9814871,95051,0.476904035,1.412579662,0.770260627,0,1,1,,,High,High,Urban,High
317,37.2918084,-121.972091,95032,0.22024123,1.443470981,0.787701456,1,0.666666667,1,,,Low,High,Forest,Medium
318,37.3005419,-121.9617148,95032,0.22024123,1.736514034,0.953149683,1,0.666666667,1,,,Low,High,Forest,Medium
319,37.2936298,-121.9565334,95008,0.397310299,1.551238539,0.848545592,0,1,1,,,Medium,High,Urban,High
320,37.2816897,-121.9673963,95032,0.22024123,1.020004147,0.548617691,1,1,1,,,Low,Medium,Forest,High
321,37.2886359,-121.9862605,95051,0.476904035,1.574522039,0.861691148,0,1,1,,,High,High,Urban,High
322,37.2945064,-121.9688782,95032,0.22024123,1.496606312,0.817700961,1,0.666666667,1,,,Low,High,Forest,Medium
323,37.2816897,-121.9697496,95032,0.22024123,1.04437952,0.562379704,1,1,1,,,Low,Medium,Forest,High
324,37.2918084,-121.9591384,95032,0.22024123,1.473842167,0.804848626,1,0.333333333,1,,,Low,High,Forest,Low
325,37.2945064,-121.9694399,95032,0.22024123,1.501666821,0.820558057,1,1,1,,,Low,High,Forest,High
326,37.2918084,-121.9696485,95032,0.22024123,1.406325426,0.766729568,1,0.666666667,1,,,Low,High,Forest,Medium
327,37.2918084,-121.9648342,95032,0.22024123,1.391367618,0.758284588,1,1,1,,,Low,High,Forest,High
328,37.2960894,-121.9924144,95051,0.476904035,1.173692036,0.635387838,0,1,1,,,High,Medium,Urban,High
329,37.2795579,-121.949879,95008,0.397310299,1.179330858,0.638571442,0,0.333333333,1,,,Medium,Medium,Urban,Low
330,37.3049715,-121.9800709,95051,0.476904035,1.253929645,0.680688929,0,0.333333333,1,,,High,High,Urban,Low
331,37.2918084,-121.9652537,95032,0.22024123,1.389513569,0.757237816,1,0.333333333,1,,,Low,High,Forest,Low
332,37.3049715,-121.9628381,95051,0.476904035,1.648893763,0.903680438,0,0.666666667,1,,,High,High,Urban,Medium
333,37.2918084,-121.966909,95032,0.22024123,1.388092549,0.756435527,1,0.666666667,1,,,Low,High,Forest,Medium
334,37.3085199,-121.9688951,95051,0.476904035,1.2982018,0.705684401,0,0.666666667,1,,,High,High,Urban,Medium
335,37.2918084,-121.9779033,95032,0.22024123,1.601433204,0.876884835,1,0.333333333,1,,,Low,High,Forest,Low
336,37.2945064,-121.9830948,95051,0.476904035,1.50476078,0.822304865,0,1,1,,,High,High,Urban,High
337,37.2945064,-121.9719968,95032,0.22024123,1.536926256,0.840465067,1,0.333333333,1,,,Low,High,Forest,Low
338,37.2960894,-121.9673096,95032,0.22024123,1.545607632,0.845366457,1,1,1,,,Low,High,Forest,High
339,37.2795579,-122.002583,95070,0.268768215,0.880923186,0.470094423,1,0.333333333,1,,,Low,Medium,Forest,Low
340,37.2960894,-121.9726218,95032,0.22024123,1.604163843,0.878426518,1,0.666666667,1,,,Low,High,Forest,Medium
341,37.2945064,-121.9497714,95008,0.397310299,1.086950817,0.586414894,0,0.333333333,1,,,Medium,Medium,Urban,Low
342,37.2899865,-121.975124,95032,0.22024123,1.453890736,0.793584312,1,0.666666667,1,,,Low,High,Forest,Medium
343,37.2899865,-121.9670408,95032,0.22024123,1.321779794,0.718996224,1,0.333333333,1,,,Low,High,Forest,Low
344,37.2886359,-121.996936,95070,0.268768215,1.299459787,0.706394644,1,0.666666667,1,,,Low,High,Forest,Medium
345,37.2936298,-121.9532422,95008,0.397310299,1.324054294,0.720280377,0,0.666666667,1,,,Medium,High,Urban,Medium
346,37.2989946,-122.0125282,95070,0.268768215,0.684778399,0.359353674,1,1,1,,,Low,Medium,Forest,High
347,37.2886359,-121.9880796,95051,0.476904035,1.523959348,0.833144122,0,1,1,,,High,High,Urban,High
348,37.2882109,-121.9788748,95032,0.22024123,1.525925162,0.834253995,1,0.333333333,1,,,Low,High,Forest,Low
349,37.3005419,-122.0068941,95070,0.268768215,0.920672619,0.492536426,1,0.333333333,1,,,Low,Medium,Forest,Low
350,37.2960894,-121.9714027,95032,0.22024123,1.583411046,0.866709764,1,0.333333333,1,,,Low,High,Forest,Low
351,37.3085199,-121.9742352,95051,0.476904035,1.155700424,0.625230012,0,1,1,,,High,Medium,Urban,High
352,37.2991858,-121.974352,95051,0.476904035,1.487271163,0.812430459,0,0.333333333,1,,,High,High,Urban,Low
353,37.2960894,-121.971993,95032,0.22024123,1.592937333,0.872088179,1,0.666666667,1,,,Low,High,Forest,Medium
354,37.2899865,-121.9579096,95032,0.22024123,1.443382676,0.787651601,1,1,1,,,Low,High,Forest,High
355,37.2899865,-121.9634157,95032,0.22024123,1.336149295,0.727109054,1,0.666666667,1,,,Low,High,Forest,Medium
356,37.3085199,-121.9839364,95051,0.476904035,1.091936742,0.589229882,0,0.333333333,1,,,High,Medium,Urban,Low
357,37.2936298,-122.0036207,95070,0.268768215,0.929711675,0.497639758,1,0.333333333,1,,,Low,Medium,Forest,Low
358,37.2831277,-121.9920513,95070,0.268768215,1.608739778,0.88101003,1,0.666666667,1,,,Low,High,Forest,Medium
359,37.2857072,-121.9585724,95032,0.22024123,1.281868779,0.696462994,1,0.333333333,1,,,Low,High,Forest,Low
360,37.2936298,-121.9516816,95008,0.397310299,1.216359542,0.659477346,0,0.666666667,1,,,Medium,Medium,Urban,Medium
361,37.3049715,-121.9663624,95051,0.476904035,1.50123539,0.820314477,0,1,1,,,High,High,Urban,High
362,37.3005419,-121.9660024,95051,0.476904035,1.651284873,0.905030427,0,0.666666667,1,,,High,High,Urban,Medium
363,37.3028574,-121.9826864,95051,0.476904035,1.294107256,0.703372676,0,0.333333333,1,,,High,High,Urban,Low
364,37.2816897,-121.9781687,95032,0.22024123,1.305284784,0.70968336,1,1,1,,,Low,High,Forest,High
365,37.298107,-121.9807024,95051,0.476904035,1.508210356,0.82425245,0,0.333333333,1,,,High,High,Urban,Low
366,37.3006486,-121.964071,95032,0.22024123,1.718001964,0.942698013,1,1,1,,,Low,High,Forest,High
367,37.2816897,-121.9708138,95032,0.22024123,1.063413588,0.573126087,1,0.333333333,1,,,Low,Medium,Forest,Low
368,37.298107,-122.0119065,95070,0.268768215,0.667512894,0.349605799,1,0.333333333,1,,,Low,Medium,Forest,Low
369,37.2816897,-121.971006,95032,0.22024123,1.067355262,0.575351504,1,0.666666667,1,,,Low,Medium,Forest,Medium
370,37.3005419,-121.9669949,95051,0.476904035,1.616710758,0.88551034,0,0.333333333,1,,,High,High,Urban,Low
371,37.2945064,-121.9559328,95008,0.397310299,1.511481781,0.826099453,0,0.333333333,1,,,Medium,High,Urban,Low
372,37.3006486,-121.9604334,95032,0.22024123,1.758723727,0.965688981,1,0.666666667,1,,,Low,High,Forest,Medium
373,37.3005419,-121.9700021,95051,0.476904035,1.526052197,0.834325717,0,1,1,,,High,High,Urban,High
374,37.2816897,-121.9715948,95032,0.22024123,1.080357497,0.582692393,1,1,1,,,Low,Medium,Forest,High
375,37.3085199,-121.9783381,95051,0.476904035,1.118907988,0.60445749,0,0.666666667,1,,,High,Medium,Urban,Medium
376,37.2857072,-121.9552982,95032,0.22024123,1.391761433,0.758506931,1,0.666666667,1,,,Low,High,Forest,Medium
377,37.298107,-121.9956717,95051,0.476904035,1.071043274,0.577433707,0,0.666666667,1,,,High,Medium,Urban,Medium
378,37.3085199,-121.9764113,95051,0.476904035,1.127491818,0.609303806,0,1,1,,,High,Medium,Urban,High
379,37.2886359,-121.9544241,95008,0.397310299,1.409115172,0.768304622,0,1,1,,,Medium,High,Urban,High
380,37.2991858,-121.9780515,95051,0.476904035,1.460687283,0.797421552,0,1,1,,,High,High,Urban,High
381,37.3028574,-121.984025,95051,0.476904035,1.229075878,0.666656821,0,0.333333333,1,,,High,Medium,Urban,Low
382,37.2936298,-121.9469393,95008,0.397310299,0.88930692,0.474827768,0,1,1,,,Medium,Medium,Urban,High
383,37.3028574,-121.9874452,95051,0.476904035,1.081243611,0.583192682,0,0.333333333,1,,,High,Medium,Urban,Low
384,37.298107,-121.9891695,95051,0.476904035,1.175279218,0.63628394,0,0.666666667,1,,,High,Medium,Urban,Medium
385,37.2886359,-121.9994561,95070,0.268768215,1.129968252,0.610701968,1,0.333333333,1,,,Low,Medium,Forest,Low
386,37.3005419,-121.9723812,95051,0.476904035,1.471261117,0.803391399,0,0.666666667,1,,,High,High,Urban,Medium
387,37.2973888,-122.0163871,95070,0.268768215,0.603141513,0.31326257,1,0.333333333,1,,,Low,Low,Forest,Low
388,37.3049715,-121.9698067,95051,0.476904035,1.383372696,0.753770761,0,1,1,,,High,High,Urban,High
389,37.3006486,-122.0139739,95070,0.268768215,0.723789334,0.381378732,1,1,1,,,Low,Medium,Forest,High
390,37.3028574,-121.987948,95051,0.476904035,1.06221275,0.572448109,0,1,1,,,High,Medium,Urban,High
391,37.2991858,-121.9768861,95051,0.476904035,1.464306784,0.799465075,0,0.666666667,1,,,High,High,Urban,Medium
392,37.2886359,-121.9487807,95008,0.397310299,1.02106569,0.549217024,0,0.333333333,1,,,Medium,Medium,Urban,Low
393,37.2831277,-121.9928545,95070,0.268768215,1.553304934,0.849712251,1,0.666666667,1,,,Low,High,Forest,Medium
394,37.2886359,-121.9430711,95008,0.397310299,0.630848025,0.3289053,0,0.333333333,1,,,Medium,Low,Urban,Low
395,37.3005419,-121.9747988,95051,0.476904035,1.432861772,0.781711638,0,1,1,,,High,High,Urban,High
396,37.2886359,-121.9902546,95051,0.476904035,1.475333792,0.805690778,0,1,1,,,High,High,Urban,High
397,37.3049715,-121.978246,95051,0.476904035,1.248800779,0.677793239,0,1,1,,,High,High,Urban,High
398,37.298107,-121.9863152,95051,0.476904035,1.269478016,0.689467333,0,0.666666667,1,,,High,High,Urban,Medium
399,37.2991858,-121.9769301,95051,0.476904035,1.46408984,0.799342591,0,0.333333333,1,,,High,High,Urban,Low
400,37.2973888,-122.0117128,95070,0.268768215,0.647965131,0.338569391,1,0.666666667,1,,,Low,Medium,Forest,Medium
401,37.2960894,-121.9948015,95051,0.476904035,1.148332719,0.621070303,0,0.666666667,1,,,High,Medium,Urban,Medium
402,37.2899865,-121.9553966,95008,0.397310299,1.472956791,0.804348754,0,1,1,,,Medium,High,Urban,High
403,37.2989946,-122.016216,95070,0.268768215,0.660325446,0.345547861,1,1,1,,,Low,Medium,Forest,High
404,37.298107,-121.9808398,95051,0.476904035,1.507017576,0.823579022,0,1,1,,,High,High,Urban,High
405,37.2945064,-121.9815254,95051,0.476904035,1.57236255,0.860471929,0,1,1,,,High,High,Urban,High
406,37.298107,-122.0025593,95070,0.268768215,1.079893013,0.582430152,1,0.333333333,1,,,Low,Medium,Forest,Low
407,37.3075707,-121.9376971,95008,0.397310299,0.625378815,0.325817456,0,0.666666667,1,,,Medium,Low,Urban,Medium
408,37.3075707,-121.9346659,95008,0.397310299,0.575241844,0.297510787,0,1,1,,,Medium,Low,Urban,High
409,37.2899865,-121.9747229,95032,0.22024123,1.442529279,0.787169784,1,0.333333333,1,,,Low,High,Forest,Low
410,37.3085199,-121.9559273,95008,0.397310299,1.626271762,0.890908356,0,1,1,,,Medium,High,Urban,High
411,37.3085199,-121.9511797,95008,0.397310299,1.327750265,0.722367073,0,0.333333333,1,,,Medium,High,Urban,Low
412,37.2945064,-121.9791432,95051,0.476904035,1.632471115,0.894408429,0,0.666666667,1,,,High,High,Urban,Medium
413,37.2886359,-122.0021944,95070,0.268768215,0.947711132,0.507802013,1,0.666666667,1,,,Low,Medium,Forest,Medium
414,37.3075707,-121.93804,95008,0.397310299,0.635163093,0.33134153,0,1,1,,,Medium,Low,Urban,High
415,37.298107,-121.9938828,95051,0.476904035,1.08226444,0.583769028,0,0.333333333,1,,,High,Medium,Urban,Low
416,37.2960894,-121.9964966,95051,0.476904035,1.144504888,0.618909161,0,1,1,,,High,Medium,Urban,High
417,37.3006486,-122.0205322,95070,0.268768215,0.803623968,0.426452308,1,1,1,,,Low,Medium,Forest,High
418,37.3075707,-121.9399063,95008,0.397310299,0.700174906,0.368046338,0,0.666666667,1,,,Medium,Medium,Urban,Medium
419,37.2882109,-121.9903897,95051,0.476904035,1.487741512,0.812696012,0,0.333333333,1,,,High,High,Urban,Low
420,37.2882109,-121.9837497,95051,0.476904035,1.670805316,0.916051411,0,1,1,,,High,High,Urban,High
421,37.2795579,-122.008969,95070,0.268768215,0.441367341,0.221927015,1,0.666666667,1,,,Low,Low,Forest,Medium
422,37.2936298,-122.0050771,95070,0.268768215,0.843784058,0.449126164,1,0.333333333,1,,,Low,Medium,Forest,Low
423,37.3075707,-121.9458035,95008,0.397310299,0.991538335,0.532546271,0,1,1,,,Medium,Medium,Urban,High
424,37.298107,-122.0081138,95070,0.268768215,0.798360189,0.423480449,1,0.666666667,1,,,Low,Medium,Forest,Medium
425,37.3085199,-122.0196579,95014,0.532997999,0.952929176,0.510748051,1,0.666666667,1,,,High,Medium,Forest,Medium
426,37.3085199,-122.0183053,95014,0.532997999,0.964009853,0.517004055,1,0.333333333,1,,,High,Medium,Forest,Low
427,37.3075707,-121.9524881,95008,0.397310299,1.394065483,0.759807767,0,1,1,,,Medium,High,Urban,High
428,37.3075707,-121.9503694,95008,0.397310299,1.262090092,0.685296209,0,0.333333333,1,,,Medium,High,Urban,Low
429,37.298107,-122.0098737,95070,0.268768215,0.728900549,0.384264456,1,0.333333333,1,,,Low,Medium,Forest,Low
430,37.3075707,-122.0191958,95014,0.532997999,0.990296547,0.531845174,1,0.666666667,1,,,High,Medium,Forest,Medium
431,37.298107,-122.015312,95070,0.268768215,0.624810777,0.325496749,1,0.333333333,1,,,Low,Low,Forest,Low
432,37.2899865,-121.9680141,95032,0.22024123,1.325977429,0.721366153,1,0.666666667,1,,,Low,High,Forest,Medium
433,37.2831277,-121.995419,95070,0.268768215,1.376344303,0.749802623,1,0.333333333,1,,,Low,High,Forest,Low
434,37.3075707,-121.9537064,95008,0.397310299,1.471190514,0.803351538,0,0.333333333,1,,,Medium,High,Urban,Low
435,37.2899865,-121.9739618,95032,0.22024123,1.422206336,0.775695719,1,0.666666667,1,,,Low,High,Forest,Medium
436,37.2973888,-122.0070765,95070,0.268768215,0.82557894,0.438847795,1,0.666666667,1,,,Low,Medium,Forest,Medium
437,37.2795579,-122.0108646,95070,0.268768215,0.311817362,0.148784813,1,0.333333333,1,,,Low,Low,Forest,Low
438,37.3005419,-122.0059436,95070,0.268768215,0.963483008,0.516706605,1,0.666666667,1,,,Low,Medium,Forest,Medium
439,37.3075707,-121.9544467,95008,0.397310299,1.518421741,0.830017663,0,1,1,,,Medium,High,Urban,High
440,37.3005419,-122.0066063,95070,0.268768215,0.933354581,0.499696494,1,0.333333333,1,,,Low,Medium,Forest,Low
441,37.298107,-122.0096394,95070,0.268768215,0.73736862,0.389045417,1,0.333333333,1,,,Low,Medium,Forest,Low
442,37.3049715,-121.9727905,95051,0.476904035,1.307961635,0.711194675,0,0.666666667,1,,,High,High,Urban,Medium
443,37.2831277,-121.9979445,95070,0.268768215,1.202143967,0.651451421,1,0.333333333,1,,,Low,Medium,Forest,Low
444,37.2886359,-122.0166699,95070,0.268768215,0.293387273,0.138379429,1,0.333333333,1,,,Low,Low,Forest,Low
445,37.2831277,-122.0029731,95070,0.268768215,0.855659333,0.455830786,1,0.333333333,1,,,Low,Medium,Forest,Low
446,37.3049715,-121.9565322,95008,0.397310299,1.622173228,0.888594378,0,0.666666667,1,,,Medium,High,Urban,Medium
447,37.2973888,-122.0036609,95070,0.268768215,1.002846513,0.538930719,1,0.333333333,1,,,Low,Medium,Forest,Low
448,37.2886359,-122.0066008,95070,0.268768215,0.662661029,0.3468665,1,1,1,,,Low,Medium,Forest,High
449,37.2831277,-122.0124721,95070,0.268768215,0.210169817,0.091395956,1,1,1,,,Low,Low,Forest,High
450,37.3049715,-121.9507507,95008,0.397310299,1.246087214,0.676261196,0,1,1,,,Medium,High,Urban,High
451,37.3049715,-121.9572833,95008,0.397310299,1.671829203,0.916629484,0,0.333333333,1,,,Medium,High,Urban,Low
452,37.2795579,-122.0182492,95070,0.268768215,0.210497101,0.091580736,1,1,1,,,Low,Low,Forest,High
453,37.2886359,-122.0096485,95070,0.268768215,0.479678389,0.243556926,1,0.666666667,1,,,Low,Low,Forest,Medium
454,37.3005419,-121.9571764,95008,0.397310299,1.625564506,0.890509049,0,0.666666667,1,,,Medium,High,Urban,Medium
455,37.3006486,-121.931408,95008,0.397310299,0.371024158,0.182212186,0,0.333333333,1,,,Medium,Low,Urban,Low
456,37.3004791,-121.9489776,95008,0.397310299,1.074939893,0.579633686,0,0.333333333,1,,,Medium,Medium,Urban,Low
457,37.3004791,-121.9494295,95008,0.397310299,1.104834538,0.596511806,0,0.666666667,1,,,Medium,Medium,Urban,Medium
458,37.2991858,-121.943899,95008,0.397310299,0.727833152,0.383661818,0,1,1,,,Medium,Medium,Urban,High
459,37.3004791,-121.9553229,95008,0.397310299,1.499675247,0.819433641,0,0.666666667,1,,,Medium,High,Urban,Medium
460,37.3006486,-121.9345425,95008,0.397310299,0.322364779,0.154739745,0,1,1,,,Medium,Low,Urban,High
461,37.2936298,-122.0092956,95070,0.268768215,0.620372732,0.322991088,1,0.666666667,1,,,Low,Low,Forest,Medium
462,37.2991858,-121.9451195,95008,0.397310299,0.806861499,0.428280176,0,0.666666667,1,,,Medium,Medium,Urban,Medium
463,37.2795579,-122.0131001,95070,0.268768215,0.162023036,0.064212921,1,1,1,,,Low,Low,Forest,High
464,37.3005419,-121.9537281,95008,0.397310299,1.392646035,0.759006365,0,0.666666667,1,,,Medium,High,Urban,Medium
465,37.3006486,-121.9457046,95008,0.397310299,0.863528278,0.460273489,0,1,1,,,Medium,Medium,Urban,High
466,37.3006486,-121.9537939,95008,0.397310299,1.397964286,0.762008979,0,0.666666667,1,,,Medium,High,Urban,Medium
467,37.3006486,-121.9479375,95008,0.397310299,1.008396858,0.54206437,0,0.666666667,1,,,Medium,Medium,Urban,Medium
468,37.2989946,-121.9357585,95008,0.397310299,0.284499655,0.133361597,0,1,1,,,Medium,Low,Urban,High
469,37.2991858,-121.9549389,95008,0.397310299,1.464371467,0.799501594,0,0.666666667,1,,,Medium,High,Urban,Medium
470,37.2989946,-121.9422141,95008,0.397310299,0.618054898,0.321682469,0,0.333333333,1,,,Medium,Low,Urban,Low
471,37.2991858,-121.9513028,95008,0.397310299,1.218216655,0.660525848,0,0.666666667,1,,,Medium,Medium,Urban,Medium
472,37.3006486,-121.9405698,95008,0.397310299,0.550174451,0.283358068,0,0.333333333,1,,,Medium,Low,Urban,Low
473,37.3006486,-121.958712,95008,0.397310299,1.730476597,0.949741026,0,1,1,,,Medium,High,Urban,High
474,37.2991858,-121.9575249,95008,0.397310299,1.640376763,0.898871853,0,1,1,,,Medium,High,Urban,High
475,37.3005419,-121.9498323,95008,0.397310299,1.132183037,0.611952407,0,0.666666667,1,,,Medium,Medium,Urban,Medium
476,37.2989946,-121.9466549,95008,0.397310299,0.905602513,0.484028044,0,1,1,,,Medium,Medium,Urban,High
477,37.2831277,-122.0056585,95070,0.268768215,0.671042769,0.35159872,1,0.333333333,1,,,Low,Medium,Forest,Low
478,37.2989946,-121.9488637,95008,0.397310299,1.05269144,0.567072504,0,0.666666667,1,,,Medium,Medium,Urban,Medium
479,37.2831277,-122.011779,95070,0.268768215,0.255401506,0.116933168,1,0.333333333,1,,,Low,Low,Forest,Low
480,37.2886359,-122.0133168,95070,0.268768215,0.310039198,0.147780885,1,1,1,,,Low,Low,Forest,High
481,37.2989946,-121.9521803,95008,0.397310299,1.27599473,0.693146584,0,0.333333333,1,,,Medium,High,Urban,Low
482,37.2989946,-121.952215,95008,0.397310299,1.278342021,0.694471833,0,0.666666667,1,,,Medium,High,Urban,Medium
483,37.2831277,-122.0078639,95070,0.268768215,0.519925098,0.266279685,1,0.666666667,1,,,Low,Low,Forest,Medium
484,37.2765438,-122.170425,95070,0.268768215,0.362432964,0.177361712,1,0.666666667,0,,,Low,Low,Forest,Medium
485,37.2767965,-122.0170435,95070,0.268768215,0.196660302,0.083768663,1,1,0,,,Low,Low,Forest,High
486,37.2709035,-122.0207343,95070,0.268768215,0.528014981,0.270847125,1,0.666666667,0,,,Low,Low,Forest,Medium
487,37.2785666,-122.0230772,95070,0.268768215,0.544532028,0.280172431,1,0.666666667,0,,,Low,Low,Forest,Medium
488,37.2780842,-122.0231375,95070,0.268768215,0.551847094,0.28430242,1,0.666666667,0,,,Low,Low,Forest,Medium
489,37.2761554,-122.0146761,95070,0.268768215,0.184544627,0.076928313,1,1,0,,,Low,Low,Forest,High
490,37.2786442,-122.0170232,95070,0.268768215,0.147737683,0.0561476,1,1,0,,,Low,Low,Forest,High
491,37.2768026,-122.0170616,95070,0.268768215,0.197249374,0.084101245,1,1,0,,,Low,Low,Forest,High
492,37.2803671,-122.014639,95070,0.268768215,0.052533365,0.002396503,1,1,0,,,Low,Low,Forest,High
493,37.2792909,-122.0207976,95070,0.268768215,0.384797486,0.189988425,1,1,0,,,Low,Low,Forest,High
494,37.2786434,-122.0169232,95070,0.268768215,0.142269957,0.053060594,1,0.333333333,0,,,Low,Low,Forest,Low
495,37.2759486,-122.0166566,95070,0.268768215,0.20885678,0.090654633,1,0.333333333,0,,,Low,Low,Forest,Low
496,37.2768445,-122.0159938,95070,0.268768215,0.161209893,0.063753831,1,0.333333333,0,,,Low,Low,Forest,Low
497,37.2795659,-122.0214041,95070,0.268768215,0.424763709,0.212552825,1,0.333333333,0,,,Low,Low,Forest,Low
498,37.2796796,-122.0145437,95070,0.268768215,0.072845989,0.013864742,1,0.333333333,0,,,Low,Low,Forest,Low
499,37.2795579,-122.021372,95070,0.268768215,0.422601849,0.211332267,1,0.333333333,0,,,Low,Low,Forest,Low
500,37.2762184,-122.0144616,95070,0.268768215,0.186405344,0.077978849,1,0.333333333,0,,,Low,Low,Forest,Low
501,37.2768258,-122.0144954,95070,0.268768215,0.164613907,0.065675693,1,0.333333333,0,,,Low,Low,Forest,Low
502,37.2777961,-122.0231083,95070,0.268768215,0.552052041,0.284418131,1,0.333333333,0,,,Low,Low,Forest,Low
503,37.2777943,-122.0225769,95070,0.268768215,0.516276097,0.264219507,1,0.333333333,0,,,Low,Low,Forest,Low
504,37.2776216,-122.0163341,95070,0.268768215,0.144258241,0.054183153,1,0.666666667,0,,,Low,Low,Forest,Medium
505,37.2776195,-122.0151656,95070,0.268768215,0.126065146,0.043911573,1,0.333333333,0,,,Low,Low,Forest,Low
506,37.2776272,-122.0157497,95070,0.268768215,0.129073162,0.045609858,1,1,0,,,Low,Low,Forest,High
507,37.2777961,-122.0220298,95070,0.268768215,0.479558752,0.24348938,1,0.666666667,0,,,Low,Low,Forest,Medium
508,37.2776032,-122.0146409,95070,0.268768215,0.134415631,0.048626146,1,1,0,,,Low,Low,Forest,High
509,37.2791201,-122.0169299,95070,0.268768215,0.132550327,0.04757302,1,1,0,,,Low,Low,Forest,High
510,37.277612,-122.0171002,95070,0.268768215,0.176669772,0.072482274,1,0.666666667,0,,,Low,Low,Forest,Medium
511,37.2777081,-122.0176795,95070,0.268768215,0.204590996,0.088246228,1,0.333333333,0,,,Low,Low,Forest,Low
512,37.2777964,-122.0213324,95070,0.268768215,0.433045529,0.21722863,1,1,0,,,Low,Low,Forest,High
513,37.2777927,-122.018104,95070,0.268768215,0.227121233,0.100966501,1,0.333333333,0,,,Low,Low,Forest,Low
514,37.2789553,-122.014526,95070,0.268768215,0.093839557,0.025717432,1,0.666666667,0,,,Low,Low,Forest,Medium
515,37.2777897,-122.0209197,95070,0.268768215,0.405778765,0.201834177,1,0.666666667,0,,,Low,Low,Forest,Medium
516,37.2777945,-122.020994,95070,0.268768215,0.410636903,0.204577017,1,0.666666667,0,,,Low,Low,Forest,Medium
517,37.2777927,-122.0198096,95070,0.268768215,0.333198727,0.160856449,1,1,0,,,Low,Low,Forest,High
518,37.2776294,-122.0143476,95070,0.268768215,0.141786308,0.052787532,1,1,0,,,Low,Low,Forest,High
519,37.2776046,-122.0151653,95070,0.268768215,0.12661092,0.04421971,1,1,0,,,Low,Low,Forest,High
520,37.2777932,-122.0192406,95070,0.268768215,0.296817345,0.140316002,1,1,0,,,Low,Low,Forest,High
521,37.2782278,-122.0145162,95070,0.268768215,0.116962931,0.038772583,1,0.333333333,0,,,Low,Low,Forest,Low
522,37.2786135,-122.0186063,95070,0.268768215,0.244805275,0.110950677,1,1,0,,,Low,Low,Forest,High
523,37.2777975,-122.018675,95070,0.268768215,0.261433247,0.120338609,1,0.666666667,0,,,Low,Low,Forest,Medium
524,37.2774861,-122.0145025,95070,0.268768215,0.141920914,0.052863529,1,1,0,,,Low,Low,Forest,High
525,37.2776016,-122.0145179,95070,0.268768215,0.137613098,0.050431393,1,0.666666667,0,,,Low,Low,Forest,Medium