,POLE_LAT,POLE_LONG,POLE_COLOR,POLE_SENSOR_DATA,POLE_STATE,POLE_CRIT_INDEX,SYNTH_OR_REAL,POLE_ZONE,POLE_PROX_ROAD,POLE_SUB_DIST_SCALED,POLE_ZIPCODE,POLE_ZIPCODE__SCALED
0,37.2795579,-122.0182492,1,0,CA,0,1,,,0.21049710133731747,,
1,37.2795579,-122.0131001,1,0,CA,0,1,,,0.16202303579984867,,
2,37.2795579,-122.0108646,1,0,CA,0,1,,,0.3118173618308712,,
3,37.2795579,-122.008969,1,0,CA,0,1,,,0.4413673406987518,,
4,37.2795579,-122.002583,1,0,CA,0,1,,,0.8809231858463815,,
5,37.2795579,-121.9975566,1,0,CA,0,1,,,1.2277549093846687,,
6,37.2795579,-121.9954484,1,0,CA,0,1,,,1.3732972352497206,,
7,37.2795579,-121.9894266,1,0,CA,0,1,,,1.789135850826221,,
8,37.2795579,-121.988956,1,0,CA,0,1,,,1.8194956434124054,,
9,37.2795579,-121.9888017,1,0,CA,0,1,,,1.8145364329777345,,
10,37.2795579,-121.9842032,1,0,CA,0,1,,,1.5514295364248651,,
11,37.2795579,-121.9787602,1,0,CA,0,1,,,1.2726502641802067,,
12,37.2795579,-121.9744865,1,0,CA,0,1,,,1.0953271857991755,,
13,37.2795579,-121.9701014,1,0,CA,0,1,,,0.9747742469227539,,
14,37.2795579,-121.9675657,1,0,CA,0,1,,,0.9432207211253961,,
15,37.2795579,-121.964513,1,0,CA,0,1,,,0.9477646166279419,,
16,37.2795579,-121.9598291,1,0,CA,0,1,,,1.0413723842174676,,
17,37.2795579,-121.9594172,1,0,CA,0,1,,,1.0539696876631626,,
18,37.2795579,-121.9591318,1,0,CA,0,1,,,1.063057603282855,,
19,37.2795579,-121.9550796,1,0,CA,0,1,,,1.2194991676687401,,
20,37.2795579,-121.9539787,1,0,CA,0,1,,,1.2693609537103019,,
21,37.2795579,-121.949879,1,0,CA,0,1,,,1.179330858188676,,
22,37.28168967616788,-122.0189597,1,0,CA,0,1,,,0.2534490301315487,,
23,37.28168967616788,-122.0166085,1,0,CA,0,1,,,0.09290184,,
24,37.28168967616788,-122.0159186,1,0,CA,0,1,,,0.048288662,,
25,37.28168967616788,-122.0137783,1,0,CA,0,1,,,0.10822018888188992,,
26,37.28168967616788,-122.011514,1,0,CA,0,1,,,0.2631583281842401,,
27,37.28168967616788,-122.0112123,1,0,CA,0,1,,,0.2839284518246336,,
28,37.28168967616788,-122.0102665,1,0,CA,0,1,,,0.34909996175231134,,
29,37.28168967616788,-122.0061486,1,0,CA,0,1,,,0.6332838277915667,,
30,37.28168967616788,-122.0036798,1,0,CA,0,1,,,0.8037800595475466,,
31,37.28168967616788,-121.998489,1,0,CA,0,1,,,1.1623465569578821,,
32,37.28168967616788,-121.9960314,1,0,CA,0,1,,,1.332130718205129,,
33,37.28168967616788,-121.9906291,1,0,CA,0,1,,,1.7053715601340318,,
34,37.28168967616788,-121.9855373,1,0,CA,0,1,,,1.6720484234601338,,
35,37.28168967616788,-121.9825733,1,0,CA,0,1,,,1.514651418037788,,
36,37.28168967616788,-121.9801176,1,0,CA,0,1,,,1.3936112147643518,,
37,37.28168967616788,-121.9781687,1,0,CA,0,1,,,1.3052847843476012,,
38,37.28168967616788,-121.9715948,1,0,CA,0,1,,,1.080357496934696,,
39,37.28168967616788,-121.971006,1,0,CA,0,1,,,1.0673552620923867,,
40,37.28168967616788,-121.9708138,1,0,CA,0,1,,,1.0634135876734734,,
41,37.28168967616788,-121.9697496,1,0,CA,0,1,,,1.0443795203552808,,
42,37.28168967616788,-121.9673963,1,0,CA,0,1,,,1.0200041465549439,,
43,37.28168967616788,-121.9614736,1,0,CA,0,1,,,1.0713503575504235,,
44,37.28312774982139,-122.0189932,1,0,CA,0,1,,,0.26580553961947484,,
45,37.28312774982139,-122.0147021,1,0,CA,0,1,,,0.086829498,,
46,37.28312774982139,-122.0124721,1,0,CA,0,1,,,0.2101698167738747,,
47,37.28312774982139,-122.011779,1,0,CA,0,1,,,0.2554015056147185,,
48,37.28312774982139,-122.0078639,1,0,CA,0,1,,,0.5199250982650688,,
49,37.28312774982139,-122.0056585,1,0,CA,0,1,,,0.6710427693965273,,
50,37.28312774982139,-122.0029731,1,0,CA,0,1,,,0.8556593326053571,,
51,37.28312774982139,-121.9979445,1,0,CA,0,1,,,1.202143966653831,,
52,37.28312774982139,-121.995419,1,0,CA,0,1,,,1.376344303375365,,
53,37.28312774982139,-121.9928545,1,0,CA,0,1,,,1.5533049337952558,,
54,37.28312774982139,-121.9920513,1,0,CA,0,1,,,1.6087397778670665,,
55,37.28312774982139,-121.9916682,1,0,CA,0,1,,,1.6351819138169716,,
56,37.28312774982139,-121.988599,1,0,CA,0,1,,,1.701663620316838,,
57,37.28312774982139,-121.9860147,1,0,CA,0,1,,,1.730388894808351,,
58,37.28312774982139,-121.9811012,1,0,CA,0,1,,,1.4785426663021501,,
59,37.28312774982139,-121.9796294,1,0,CA,0,1,,,1.4102770193663898,,
60,37.28312774982139,-121.9754498,1,0,CA,0,1,,,1.2416242329321132,,
61,37.28312774982139,-121.9715694,1,0,CA,0,1,,,1.1294793567022972,,
62,37.28312774982139,-121.9658901,1,0,CA,0,1,,,1.0704033863040245,,
63,37.28312774982139,-121.9655457,1,0,CA,0,1,,,1.071348404897941,,
64,37.28312774982139,-121.9641137,1,0,CA,0,1,,,1.0809016712956514,,
65,37.28312774982139,-121.9634813,1,0,CA,0,1,,,1.0879622179311368,,
66,37.285707212548765,-122.0156579,1,0,CA,0,1,,,0.17229485840310857,,
67,37.285707212548765,-122.0094674,1,0,CA,0,1,,,0.43809852982224035,,
68,37.285707212548765,-122.003931,1,0,CA,0,1,,,0.8043717990759528,,
69,37.285707212548765,-121.9975929,1,0,CA,0,1,,,1.2358526244818637,,
70,37.285707212548765,-121.9910889,1,0,CA,0,1,,,1.5646172221342394,,
71,37.285707212548765,-121.9892108,1,0,CA,0,1,,,1.5988495735975223,,
72,37.285707212548765,-121.9827065,1,0,CA,0,1,,,1.623482194835693,,
73,37.285707212548765,-121.9768024,1,0,CA,0,1,,,1.3707680665399966,,
74,37.285707212548765,-121.9712965,1,0,CA,0,1,,,1.213793253914317,,
75,37.285707212548765,-121.9681649,1,0,CA,0,1,,,1.1711886504545181,,
76,37.285707212548765,-121.9630836,1,0,CA,0,1,,,1.1857736087759387,,
77,37.285707212548765,-121.9604665,1,0,CA,0,1,,,1.2328657780336871,,
78,37.285707212548765,-121.9585724,1,0,CA,0,1,,,1.2818687791612988,,
79,37.285707212548765,-121.9552982,1,0,CA,0,1,,,1.391761433,,
80,37.285707212548765,-121.9531547,1,0,CA,0,1,,,1.3355671608428092,,
81,37.285707212548765,-121.9491126,1,0,CA,0,1,,,1.0613106064049238,,
82,37.285707212548765,-121.9431663,1,0,CA,0,1,,,0.6655219784364852,,
83,37.285707212548765,-121.9419646,1,0,CA,0,1,,,0.5880553460912233,,
84,37.285707212548765,-121.9374106,1,0,CA,0,1,,,0.32084638737716753,,
85,37.285707212548765,-121.9359549,1,0,CA,0,1,,,0.25899415906480844,,
86,37.285707212548765,-121.9296438,1,0,CA,0,1,,,0.3816027246072598,,
87,37.285707212548765,-121.9236807,1,0,CA,0,1,,,0.7545112330314765,,
88,37.28821094727278,-122.0195862,1,0,CA,0,1,,,0.39524810652955117,,
89,37.28821094727278,-122.0169681,1,0,CA,0,1,,,0.28630744521778706,,
90,37.28821094727278,-122.0104479,1,0,CA,0,1,,,0.4260748789584254,,
91,37.28821094727278,-122.008093,1,0,CA,0,1,,,0.5632824671122855,,
92,37.28821094727278,-122.0079206,1,0,CA,0,1,,,0.5738513240532205,,
93,37.28821094727278,-122.0036151,1,0,CA,0,1,,,0.8494096396716079,,
94,37.28821094727278,-122.0013375,1,0,CA,0,1,,,1.0002759781727188,,
95,37.28821094727278,-121.998313,1,0,CA,0,1,,,1.2031970778303251,,
96,37.28821094727278,-121.9916712,1,0,CA,0,1,,,1.466372587071803,,
97,37.28821094727278,-121.9915775,1,0,CA,0,1,,,1.4677645618924648,,
98,37.28821094727278,-121.9903897,1,0,CA,0,1,,,1.4877415117776451,,
99,37.28821094727278,-121.9837497,1,0,CA,0,1,,,1.6708053158595269,,
100,37.28821094727278,-121.9788748,1,0,CA,0,1,,,1.5259251621489542,,
101,37.28821094727278,-121.9763759,1,0,CA,0,1,,,1.434910794943359,,
102,37.28821094727278,-121.9749696,1,0,CA,0,1,,,1.3905164567474018,,
103,37.28821094727278,-121.9707435,1,0,CA,0,1,,,1.292378492247908,,
104,37.28821094727278,-121.9660897,1,0,CA,0,1,,,1.2560288101424746,,
105,37.28821094727278,-121.9598376,1,0,CA,0,1,,,1.3336817602458666,,
106,37.28821094727278,-121.9579513,1,0,CA,0,1,,,1.3829949512949344,,
107,37.28821094727278,-121.9546855,1,0,CA,0,1,,,1.428484694159095,,
108,37.28821094727278,-121.9521044,1,0,CA,0,1,,,1.2510305517426363,,
109,37.28821094727278,-121.9460277,1,0,CA,0,1,,,0.8347544935037183,,
110,37.28863590103395,-122.0166699,1,0,CA,0,1,,,0.29338727294531186,,
111,37.28863590103395,-122.0133168,1,0,CA,0,1,,,0.31003919769687865,,
112,37.28863590103395,-122.0096485,1,0,CA,0,1,,,0.4796783890302134,,
113,37.28863590103395,-122.0066008,1,0,CA,0,1,,,0.662661029,,
114,37.28863590103395,-122.0021944,1,0,CA,0,1,,,0.9477111319695679,,
115,37.28863590103395,-121.9994561,1,0,CA,0,1,,,1.1299682515951974,,
116,37.28863590103395,-121.996936,1,0,CA,0,1,,,1.2994597871890683,,
117,37.28863590103395,-121.9958347,1,0,CA,0,1,,,1.3738932232941476,,
118,37.28863590103395,-121.9902546,1,0,CA,0,1,,,1.4753337924657843,,
119,37.28863590103395,-121.9880796,1,0,CA,0,1,,,1.5239593480453526,,
120,37.28863590103395,-121.9862605,1,0,CA,0,1,,,1.5745220389539754,,
121,37.28863590103395,-121.9813154,1,0,CA,0,1,,,1.639665539458946,,
122,37.28863590103395,-121.9751467,1,0,CA,0,1,,,1.4098198437248124,,
123,37.28863590103395,-121.9698378,1,0,CA,0,1,,,1.294333746544853,,
124,37.28863590103395,-121.9693154,1,0,CA,0,1,,,1.2880661472486459,,
125,37.28863590103395,-121.9685083,1,0,CA,0,1,,,1.2803246978696914,,
126,37.28863590103395,-121.9624128,1,0,CA,0,1,,,1.2999817713983273,,
127,37.28863590103395,-121.9571407,1,0,CA,0,1,,,1.4212536733616192,,
128,37.28863590103395,-121.9564142,1,0,CA,0,1,,,1.4443838386977355,,
129,37.28863590103395,-121.9544241,1,0,CA,0,1,,,1.4091151723253599,,
130,37.28863590103395,-121.9487807,1,0,CA,0,1,,,1.0210656895069947,,
131,37.28863590103395,-121.9430711,1,0,CA,0,1,,,0.6308480253061495,,
132,37.28998653212473,-122.0175883,1,0,CA,0,1,,,0.3633169319769072,,
133,37.28998653212473,-122.0128469,1,0,CA,0,1,,,0.36885056887341744,,
134,37.28998653212473,-122.0065505,1,0,CA,0,1,,,0.6879313377304447,,
135,37.28998653212473,-122.0037534,1,0,CA,0,1,,,0.862836533,,
136,37.28998653212473,-121.9981833,1,0,CA,0,1,,,1.227658139649352,,
137,37.28998653212473,-121.9952944,1,0,CA,0,1,,,1.3691477554285671,,
138,37.28998653212473,-121.9925167,1,0,CA,0,1,,,1.3910962309825396,,
139,37.28998653212473,-121.9875541,1,0,CA,0,1,,,1.4922409204886806,,
140,37.28998653212473,-121.982439,1,0,CA,0,1,,,1.6653816061187303,,
141,37.28998653212473,-121.9794375,1,0,CA,0,1,,,1.601495445427751,,
142,37.28998653212473,-121.975124,1,0,CA,0,1,,,1.4538907364801328,,
143,37.28998653212473,-121.9747229,1,0,CA,0,1,,,1.4425292793995435,,
144,37.28998653212473,-121.9739618,1,0,CA,0,1,,,1.422206335717875,,
145,37.28998653212473,-121.9680141,1,0,CA,0,1,,,1.3259774285715467,,
146,37.28998653212473,-121.9670408,1,0,CA,0,1,,,1.3217797940650182,,
147,37.28998653212473,-121.9634157,1,0,CA,0,1,,,1.3361492948623346,,
148,37.28998653212473,-121.9579096,1,0,CA,0,1,,,1.4433826758678991,,
149,37.28998653212473,-121.9553966,1,0,CA,0,1,,,1.472956790896501,,
150,37.28998653212473,-121.9511478,1,0,CA,0,1,,,1.1797746045503237,,
151,37.28998653212473,-121.9509173,1,0,CA,0,1,,,1.1638750530661712,,
152,37.28998653212473,-121.9500366,1,0,CA,0,1,,,1.1031329521185467,,
153,37.28998653212473,-121.9491844,1,0,CA,0,1,,,1.0443689332467017,,
154,37.29180839745155,-122.0148289,1,0,CA,0,1,,,0.3954626709531528,,
155,37.29180839745155,-122.0138652,1,0,CA,0,1,,,0.4064775512677688,,
156,37.29180839745155,-122.0077142,1,0,CA,0,1,,,0.6561609446740335,,
157,37.29180839745155,-122.0037682,1,0,CA,0,1,,,0.8893739867347644,,
158,37.29180839745155,-122.0032118,1,0,CA,0,1,,,0.9239967325026215,,
159,37.29180839745155,-122.0017196,1,0,CA,0,1,,,1.0182063614269783,,
160,37.29180839745155,-122.0012886,1,0,CA,0,1,,,1.0457299685688228,,
161,37.29180839745155,-121.9957094,1,0,CA,0,1,,,1.3014710918412036,,
162,37.29180839745155,-121.9913894,1,0,CA,0,1,,,1.3426696346949705,,
163,37.29180839745155,-121.9906506,1,0,CA,0,1,,,1.3561843279756216,,
164,37.29180839745155,-121.9840365,1,0,CA,0,1,,,1.548537029125406,,
165,37.29180839745155,-121.9829285,1,0,CA,0,1,,,1.5913569315440723,,
166,37.29180839745155,-121.9779033,1,0,CA,0,1,,,1.6014332037029506,,
167,37.29180839745155,-121.972091,1,0,CA,0,1,,,1.4434709807807389,,
168,37.29180839745155,-121.9699424,1,0,CA,0,1,,,1.4097779231138576,,
169,37.29180839745155,-121.9696485,1,0,CA,0,1,,,1.4063254259957598,,
170,37.29180839745155,-121.966909,1,0,CA,0,1,,,1.3880925492624654,,
171,37.29180839745155,-121.9652537,1,0,CA,0,1,,,1.3895135686295323,,
172,37.29180839745155,-121.9648342,1,0,CA,0,1,,,1.3913676182650976,,
173,37.29180839745155,-121.9591384,1,0,CA,0,1,,,1.473842166504216,,
174,37.29180839745155,-121.9586116,1,0,CA,0,1,,,1.4865118946866849,,
175,37.29180839745155,-121.9571268,1,0,CA,0,1,,,1.5263329542120925,,
176,37.29362984805555,-122.0170253,1,0,CA,0,1,,,0.4758577607416335,,
177,37.29362984805555,-122.0147542,1,0,CA,0,1,,,0.4623828934588832,,
178,37.29362984805555,-122.0092956,1,0,CA,0,1,,,0.6203727317556845,,
179,37.29362984805555,-122.0050771,1,0,CA,0,1,,,0.8437840584583812,,
180,37.29362984805555,-122.0036207,1,0,CA,0,1,,,0.9297116750283569,,
181,37.29362984805555,-121.9998436,1,0,CA,0,1,,,1.1635998806637162,,
182,37.29362984805555,-121.9964758,1,0,CA,0,1,,,1.234516946534518,,
183,37.29362984805555,-121.9914221,1,0,CA,0,1,,,1.2775800021805088,,
184,37.29362984805555,-121.9886419,1,0,CA,0,1,,,1.3400411513907189,,
185,37.29362984805555,-121.9822742,1,0,CA,0,1,,,1.5647057587932716,,
186,37.29362984805555,-121.9764668,1,0,CA,0,1,,,1.6140329567766956,,
187,37.29362984805555,-121.9750516,1,0,CA,0,1,,,1.5740667299447928,,
188,37.29362984805555,-121.9685237,1,0,CA,0,1,,,1.4620250355322728,,
189,37.29362984805555,-121.9672694,1,0,CA,0,1,,,1.4555962050042726,,
190,37.29362984805555,-121.9633506,1,0,CA,0,1,,,1.4686552069642063,,
191,37.29362984805555,-121.9612485,1,0,CA,0,1,,,1.4959481662227716,,
192,37.29362984805555,-121.9609228,1,0,CA,0,1,,,1.501390326314867,,
193,37.29362984805555,-121.9587466,1,0,CA,0,1,,,1.5456903203853103,,
194,37.29362984805555,-121.9565334,1,0,CA,0,1,,,1.5512385390886467,,
195,37.29362984805555,-121.9532422,1,0,CA,0,1,,,1.3240542943185667,,
196,37.29362984805555,-121.9516816,1,0,CA,0,1,,,1.2163595418019495,,
197,37.29362984805555,-121.9469393,1,0,CA,0,1,,,0.8893069202502637,,
198,37.294506375045785,-122.0192713,1,0,CA,0,1,,,0.5639224993596222,,
199,37.294506375045785,-122.0177152,1,0,CA,0,1,,,0.5202490637084363,,
200,37.294506375045785,-122.016686,1,0,CA,0,1,,,0.5020419816960646,,
201,37.294506375045785,-122.0107829,1,0,CA,0,1,,,0.5836701327695273,,
202,37.294506375045785,-122.0042816,1,0,CA,0,1,,,0.907365828,,
203,37.294506375045785,-121.9993336,1,0,CA,0,1,,,1.2087682428167916,,
204,37.294506375045785,-121.9934579,1,0,CA,0,1,,,1.2170085106986575,,
205,37.294506375045785,-121.9891903,1,0,CA,0,1,,,1.2959305705664363,,
206,37.294506375045785,-121.9863035,1,0,CA,0,1,,,1.3828238657008354,,
207,37.294506375045785,-121.9830948,1,0,CA,0,1,,,1.504760779561095,,
208,37.294506375045785,-121.9815254,1,0,CA,0,1,,,1.572362549633276,,
209,37.294506375045785,-121.9791432,1,0,CA,0,1,,,1.6324711153483362,,
210,37.294506375045785,-121.9750673,1,0,CA,0,1,,,1.6041508885256412,,
211,37.294506375045785,-121.9719968,1,0,CA,0,1,,,1.5369262556969074,,
212,37.294506375045785,-121.9694399,1,0,CA,0,1,,,1.5016668207223982,,
213,37.294506375045785,-121.9688782,1,0,CA,0,1,,,1.4966063121460709,,
214,37.294506375045785,-121.966783,1,0,CA,0,1,,,1.4865438495179986,,
215,37.294506375045785,-121.9617397,1,0,CA,0,1,,,1.5196862323383091,,
216,37.294506375045785,-121.9559328,1,0,CA,0,1,,,1.5114817811415744,,
217,37.294506375045785,-121.9497714,1,0,CA,0,1,,,1.086950816558455,,
218,37.294506375045785,-121.9444669,1,0,CA,0,1,,,0.7226002257514221,,
219,37.294506375045785,-121.9414237,1,0,CA,0,1,,,0.514968731,,
220,37.29608938792425,-122.0208775,1,0,CA,0,1,,,0.6720656042626522,,
221,37.29608938792425,-122.0189223,1,0,CA,0,1,,,0.6049075330732172,,
222,37.29608938792425,-122.0130191,1,0,CA,0,1,,,0.5731259071257634,,
223,37.29608938792425,-122.0076438,1,0,CA,0,1,,,0.7640914459321595,,
224,37.29608938792425,-122.0025432,1,0,CA,0,1,,,1.0398386789178802,,
225,37.29608938792425,-121.9964966,1,0,CA,0,1,,,1.1445048881952922,,
226,37.29608938792425,-121.9948015,1,0,CA,0,1,,,1.1483327185148704,,
227,37.29608938792425,-121.9924144,1,0,CA,0,1,,,1.1736920364759653,,
228,37.29608938792425,-121.9916046,1,0,CA,0,1,,,1.1873876945861803,,
229,37.29608938792425,-121.9909321,1,0,CA,0,1,,,1.2006260458787508,,
230,37.29608938792425,-121.985462,1,0,CA,0,1,,,1.3634774445964764,,
231,37.29608938792425,-121.9845807,1,0,CA,0,1,,,1.3975232033277287,,
232,37.29608938792425,-121.9789385,1,0,CA,0,1,,,1.574183358736512,,
233,37.29608938792425,-121.9726218,1,0,CA,0,1,,,1.6041638434001957,,
234,37.29608938792425,-121.971993,1,0,CA,0,1,,,1.5929373332859635,,
235,37.29608938792425,-121.9714027,1,0,CA,0,1,,,1.5834110462540905,,
236,37.29608938792425,-121.9673096,1,0,CA,0,1,,,1.5456076317622678,,
237,37.29608938792425,-121.9623835,1,0,CA,0,1,,,1.5680145930965936,,
238,37.29608938792425,-121.9573979,1,0,CA,0,1,,,1.6170180889522492,,
239,37.29608938792425,-121.9519983,1,0,CA,0,1,,,1.2461297843045167,,
240,37.29608938792425,-121.9516144,1,0,CA,0,1,,,1.2198117685890715,,
241,37.29608938792425,-121.95032,1,0,CA,0,1,,,1.1311468231928015,,
242,37.29738879340449,-122.020521,1,0,CA,0,1,,,0.6985937208530189,,
243,37.29738879340449,-122.0163871,1,0,CA,0,1,,,0.6031415133399577,,
244,37.29738879340449,-122.0117128,1,0,CA,0,1,,,0.647965131,,
245,37.29738879340449,-122.0070765,1,0,CA,0,1,,,0.8255789399550229,,
246,37.29738879340449,-122.0036609,1,0,CA,0,1,,,1.002846513318091,,
247,37.29738879340449,-121.9972767,1,0,CA,0,1,,,1.0992962727377344,,
248,37.29738879340449,-121.9965805,1,0,CA,0,1,,,1.0970654530325528,,
249,37.29738879340449,-121.9915585,1,0,CA,0,1,,,1.1425045587221785,,
250,37.29738879340449,-121.9860742,1,0,CA,0,1,,,1.3005969781253968,,
251,37.29738879340449,-121.9859682,1,0,CA,0,1,,,1.304548522227596,,
252,37.29738879340449,-121.9797593,1,0,CA,0,1,,,1.529028564869674,,
253,37.29738879340449,-121.9774598,1,0,CA,0,1,,,1.5276639171612576,,
254,37.29738879340449,-121.9738842,1,0,CA,0,1,,,1.5580655748347134,,
255,37.29738879340449,-121.9728856,1,0,CA,0,1,,,1.5733966298612616,,
256,37.29738879340449,-121.966552,1,0,CA,0,1,,,1.591732762959376,,
257,37.29738879340449,-121.9632039,1,0,CA,0,1,,,1.6062420237952255,,
258,37.29738879340449,-121.9602637,1,0,CA,0,1,,,1.6459147457110326,,
259,37.29738879340449,-121.9599255,1,0,CA,0,1,,,1.6520199673185865,,
260,37.29738879340449,-121.9591477,1,0,CA,0,1,,,1.6672193602348175,,
261,37.29738879340449,-121.955024,1,0,CA,0,1,,,1.4596278162114724,,
262,37.29738879340449,-121.9507834,1,0,CA,0,1,,,1.1701274576784646,,
263,37.29738879340449,-121.9474158,1,0,CA,0,1,,,0.9417757389037256,,
264,37.29810702197494,-122.015312,1,0,CA,0,1,,,0.624810777,,
265,37.29810702197494,-122.0119065,1,0,CA,0,1,,,0.6675128941913429,,
266,37.29810702197494,-122.0098737,1,0,CA,0,1,,,0.7289005488177206,,
267,37.29810702197494,-122.0096394,1,0,CA,0,1,,,0.7373686202012311,,
268,37.29810702197494,-122.0081138,1,0,CA,0,1,,,0.7983601890667792,,
269,37.29810702197494,-122.0025593,1,0,CA,0,1,,,1.0798930128460253,,
270,37.29810702197494,-122.001449,1,0,CA,0,1,,,1.1303993779701647,,
271,37.29810702197494,-121.9956717,1,0,CA,0,1,,,1.071043274457798,,
272,37.29810702197494,-121.9938828,1,0,CA,0,1,,,1.0822644404709338,,
273,37.29810702197494,-121.9891695,1,0,CA,0,1,,,1.1752792182329865,,
274,37.29810702197494,-121.9863152,1,0,CA,0,1,,,1.269478016407091,,
275,37.29810702197494,-121.9808398,1,0,CA,0,1,,,1.507017576264846,,
276,37.29810702197494,-121.9807024,1,0,CA,0,1,,,1.5082103555146722,,
277,37.29810702197494,-121.9789965,1,0,CA,0,1,,,1.500470037426441,,
278,37.29810702197494,-121.9780979,1,0,CA,0,1,,,1.500105753160251,,
279,37.29810702197494,-121.974871,1,0,CA,0,1,,,1.5198528299059049,,
280,37.29810702197494,-121.9698493,1,0,CA,0,1,,,1.6126144765936377,,
281,37.29810702197494,-121.968819,1,0,CA,0,1,,,1.6270545943443007,,
282,37.29810702197494,-121.964688,1,0,CA,0,1,,,1.6219009910486588,,
283,37.29810702197494,-121.9600532,1,0,CA,0,1,,,1.6750382408202564,,
284,37.29810702197494,-121.9596214,1,0,CA,0,1,,,1.6830092291159853,,
285,37.29810702197494,-121.9530383,1,0,CA,0,1,,,1.3281308375935237,,
286,37.29899464155224,-122.016216,1,0,CA,0,1,,,0.660325446,,
287,37.29899464155224,-122.0125282,1,0,CA,0,1,,,0.6847783990546488,,
288,37.29899464155224,-122.0120156,1,0,CA,0,1,,,0.6955382214135004,,
289,37.29899464155224,-122.0090149,1,0,CA,0,1,,,0.788066809,,
290,37.29899464155224,-122.0029307,1,0,CA,0,1,,,1.0785615617260849,,
291,37.29899464155224,-121.9965092,1,0,CA,0,1,,,1.0381740180607069,,
292,37.29899464155224,-121.9941333,1,0,CA,0,1,,,1.0476445648045827,,
293,37.29899464155224,-121.9899802,1,0,CA,0,1,,,1.1231882348463147,,
294,37.29899464155224,-121.9861406,1,0,CA,0,1,,,1.248874764429532,,
295,37.29899464155224,-121.9795277,1,0,CA,0,1,,,1.4694535818047694,,
296,37.29899464155224,-121.9774102,1,0,CA,0,1,,,1.4691174228698718,,
297,37.29899464155224,-121.9712997,1,0,CA,0,1,,,1.5477411522619515,,
298,37.29899464155224,-121.9651317,1,0,CA,0,1,,,1.6524742942779072,,
299,37.29899464155224,-121.9599711,1,0,CA,0,1,,,1.7078674988770182,,
300,37.29899464155224,-121.956237,1,0,CA,0,1,,,1.5514558677426327,,
301,37.29899464155224,-121.953034,1,0,CA,0,1,,,1.333795538786194,,
302,37.29899464155224,-121.952215,1,0,CA,0,1,,,1.2783420208776997,,
303,37.29899464155224,-121.9521803,1,0,CA,0,1,,,1.275994730494477,,
304,37.29899464155224,-121.9488637,1,0,CA,0,1,,,1.0526914404757757,,
305,37.29899464155224,-121.9466549,1,0,CA,0,1,,,0.9056025131448785,,
306,37.29899464155224,-121.9422141,1,0,CA,0,1,,,0.6180548977289789,,
307,37.29899464155224,-121.9357585,1,0,CA,0,1,,,0.2844996545287832,,
308,37.299185767367966,-122.015265,1,0,CA,0,1,,,0.6643331037239701,,
309,37.299185767367966,-122.008831,1,0,CA,0,1,,,0.8009432537453127,,
310,37.299185767367966,-122.0064041,1,0,CA,0,1,,,0.905365944,,
311,37.299185767367966,-122.0026931,1,0,CA,0,1,,,1.095852344438478,,
312,37.299185767367966,-122.0009642,1,0,CA,0,1,,,1.0823961595151723,,
313,37.299185767367966,-122.0001791,1,0,CA,0,1,,,1.0671211997100536,,
314,37.299185767367966,-121.9989416,1,0,CA,0,1,,,1.048305456588627,,
315,37.299185767367966,-121.9974636,1,0,CA,0,1,,,1.0346825087868015,,
316,37.299185767367966,-121.9920423,1,0,CA,0,1,,,1.0700765253039908,,
317,37.299185767367966,-121.9861696,1,0,CA,0,1,,,1.2419483465604835,,
318,37.299185767367966,-121.9826598,1,0,CA,0,1,,,1.3918155644768502,,
319,37.299185767367966,-121.9780515,1,0,CA,0,1,,,1.460687282570673,,
320,37.299185767367966,-121.9769301,1,0,CA,0,1,,,1.4640898401992715,,
321,37.299185767367966,-121.9768861,1,0,CA,0,1,,,1.464306783530204,,
322,37.299185767367966,-121.974352,1,0,CA,0,1,,,1.4872711630241569,,
323,37.299185767367966,-121.9690143,1,0,CA,0,1,,,1.5985483835679624,,
324,37.299185767367966,-121.9639199,1,0,CA,0,1,,,1.665730848102819,,
325,37.299185767367966,-121.9575249,1,0,CA,0,1,,,1.6403767627876025,,
326,37.299185767367966,-121.9549389,1,0,CA,0,1,,,1.464371467381285,,
327,37.299185767367966,-121.9513028,1,0,CA,0,1,,,1.2182166551817335,,
328,37.299185767367966,-121.9451195,1,0,CA,0,1,,,0.806861499,,
329,37.299185767367966,-121.943899,1,0,CA,0,1,,,0.7278331520954026,,
330,37.30047905567989,-122.0147355,1,0,CA,0,1,,,0.7127930705179427,,
331,37.30047905567989,-122.0092043,1,0,CA,0,1,,,0.8272079814941943,,
332,37.30047905567989,-122.0073567,1,0,CA,0,1,,,0.8990105781323436,,
333,37.30047905567989,-122.0042391,1,0,CA,0,1,,,1.044639644112342,,
334,37.30047905567989,-122.0026398,1,0,CA,0,1,,,1.0797855474318123,,
335,37.30047905567989,-122.0025453,1,0,CA,0,1,,,1.077107872571366,,
336,37.30047905567989,-121.9970566,1,0,CA,0,1,,,0.9854063219759157,,
337,37.30047905567989,-121.9933314,1,0,CA,0,1,,,1.0032625915459106,,
338,37.30047905567989,-121.9885193,1,0,CA,0,1,,,1.1173869041231554,,
339,37.30047905567989,-121.9847882,1,0,CA,0,1,,,1.26031456,,
340,37.30047905567989,-121.9790161,1,0,CA,0,1,,,1.4137374995562895,,
341,37.30047905567989,-121.9774605,1,0,CA,0,1,,,1.41469466,,
342,37.30047905567989,-121.9773635,1,0,CA,0,1,,,1.4150247885928935,,
343,37.30047905567989,-121.9709377,1,0,CA,0,1,,,1.5047584714765208,,
344,37.30047905567989,-121.9695423,1,0,CA,0,1,,,1.5405520860403827,,
345,37.30047905567989,-121.9664577,1,0,CA,0,1,,,1.6371423258761395,,
346,37.30047905567989,-121.9629688,1,0,CA,0,1,,,1.7204368173720095,,
347,37.30047905567989,-121.9595143,1,0,CA,0,1,,,1.7685290642352613,,
348,37.30047905567989,-121.9553229,1,0,CA,0,1,,,1.4996752471375474,,
349,37.30047905567989,-121.9543924,1,0,CA,0,1,,,1.4368751479148782,,
350,37.30047905567989,-121.9494295,1,0,CA,0,1,,,1.1048345377769988,,
351,37.30047905567989,-121.9489776,1,0,CA,0,1,,,1.0749398933193113,,
352,37.30054191,-122.0195403,1,0,CA,0,1,,,0.7716280838601288,,
353,37.30054191,-122.013203,1,0,CA,0,1,,,0.7286405674540397,,
354,37.30054191,-122.012478,1,0,CA,0,1,,,0.7402601464474773,,
355,37.30054191,-122.0116961,1,0,CA,0,1,,,0.7563188083670142,,
356,37.30054191,-122.0068941,1,0,CA,0,1,,,0.9206727026613937,,
357,37.30054191,-122.0066063,1,0,CA,0,1,,,0.9333546638191362,,
358,37.30054191,-122.0059436,1,0,CA,0,1,,,0.9634830881500933,,
359,37.30054191,-122.0023205,1,0,CA,0,1,,,1.0687574763094272,,
360,37.30054191,-121.9989353,1,0,CA,0,1,,,0.9994301970971442,,
361,37.30054191,-121.9925096,1,0,CA,0,1,,,1.0137499984516656,,
362,37.30054191,-121.9873893,1,0,CA,0,1,,,1.1545228521812416,,
363,37.30054191,-121.9814871,1,0,CA,0,1,,,1.4125795876970149,,
364,37.30054191,-121.9747988,1,0,CA,0,1,,,1.4328616660863729,,
365,37.30054191,-121.9723812,1,0,CA,0,1,,,1.471261013792084,,
366,37.30054191,-121.9700021,1,0,CA,0,1,,,1.5260520978979106,,
367,37.30054191,-121.9669949,1,0,CA,0,1,,,1.6167106637575936,,
368,37.30054191,-121.9660024,1,0,CA,0,1,,,1.6512847808575113,,
369,37.30054191,-121.9631152,1,0,CA,0,1,,,1.721381168922307,,
370,37.30054191,-121.9617148,1,0,CA,0,1,,,1.7365141400253925,,
371,37.30054191,-121.9571764,1,0,CA,0,1,,,1.6255645268313037,,
372,37.30054191,-121.9537281,1,0,CA,0,1,,,1.3926460590454812,,
373,37.30054191,-121.9498323,1,0,CA,0,1,,,1.132183066863622,,
374,37.30064861351911,-122.0205322,1,0,CA,0,1,,,0.8036239676888434,,
375,37.30064861351911,-122.0139739,1,0,CA,0,1,,,0.7237893339279808,,
376,37.30064861351911,-122.0090668,1,0,CA,0,1,,,0.837408335,,
377,37.30064861351911,-122.0024081,1,0,CA,0,1,,,1.0675918486273774,,
378,37.30064861351911,-121.9975118,1,0,CA,0,1,,,0.9816302153648526,,
379,37.30064861351911,-121.9954784,1,0,CA,0,1,,,0.9786309642874815,,
380,37.30064861351911,-121.9912645,1,0,CA,0,1,,,1.0350000351853124,,
381,37.30064861351911,-121.98972,1,0,CA,0,1,,,1.0748448833067037,,
382,37.30064861351911,-121.9847584,1,0,CA,0,1,,,1.256770655725261,,
383,37.30064861351911,-121.9788248,1,0,CA,0,1,,,1.4072108360841875,,
384,37.30064861351911,-121.9724591,1,0,CA,0,1,,,1.4659962529809103,,
385,37.30064861351911,-121.9691414,1,0,CA,0,1,,,1.5461442753056802,,
386,37.30064861351911,-121.9659739,1,0,CA,0,1,,,1.6489773750810885,,
387,37.30064861351911,-121.964071,1,0,CA,0,1,,,1.718001963802421,,
388,37.30064861351911,-121.9604334,1,0,CA,0,1,,,1.7587237270605418,,
389,37.30064861351911,-121.958712,1,0,CA,0,1,,,1.7304765971360931,,
390,37.30064861351911,-121.9537939,1,0,CA,0,1,,,1.3979642862227784,,
391,37.30064861351911,-121.9479375,1,0,CA,0,1,,,1.008396857994995,,
392,37.30064861351911,-121.9457046,1,0,CA,0,1,,,0.8635282783121777,,
393,37.30064861351911,-121.9405698,1,0,CA,0,1,,,0.5501744509368466,,
394,37.30064861351911,-121.9345425,1,0,CA,0,1,,,0.32236477889035275,,
395,37.30064861351911,-121.931408,1,0,CA,0,1,,,0.3710241575545845,,
396,37.30285737467109,-122.0200333,1,0,CA,0,1,,,0.8630403837573228,,
397,37.30285737467109,-122.017103,1,0,CA,0,1,,,0.8084222279774842,,
398,37.30285737467109,-122.0127834,1,0,CA,0,1,,,0.8176135702596404,,
399,37.30285737467109,-122.0095728,1,0,CA,0,1,,,0.8916447099928716,,
400,37.30285737467109,-122.0081437,1,0,CA,0,1,,,0.9396874820345196,,
401,37.30285737467109,-122.0026166,1,0,CA,0,1,,,1.0003847249199742,,
402,37.30285737467109,-121.9984143,1,0,CA,0,1,,,0.9095659016554932,,
403,37.30285737467109,-121.9950849,1,0,CA,0,1,,,0.8997813926447605,,
404,37.30285737467109,-121.9943559,1,0,CA,0,1,,,0.9054589155888814,,
405,37.30285737467109,-121.9939976,1,0,CA,0,1,,,0.9092597894590435,,
406,37.30285737467109,-121.9931802,1,0,CA,0,1,,,0.9203679808840984,,
407,37.30285737467109,-121.9901786,1,0,CA,0,1,,,0.9881494981427953,,
408,37.30285737467109,-121.987948,1,0,CA,0,1,,,1.0622127495469271,,
409,37.30285737467109,-121.9874452,1,0,CA,0,1,,,1.0812436112224348,,
410,37.30285737467109,-121.984025,1,0,CA,0,1,,,1.2290758775427066,,
411,37.30285737467109,-121.9826864,1,0,CA,0,1,,,1.2941072563349187,,
412,37.30285737467109,-121.9793411,1,0,CA,0,1,,,1.3276283990887867,,
413,37.30285737467109,-121.976084,1,0,CA,0,1,,,1.3359038640201157,,
414,37.30285737467109,-121.9744121,1,0,CA,0,1,,,1.3547320628113118,,
415,37.30285737467109,-121.9723283,1,0,CA,0,1,,,1.3913322138976711,,
416,37.30285737467109,-121.9679561,1,0,CA,0,1,,,1.5104486594733542,,
417,37.30285737467109,-121.9674622,1,0,CA,0,1,,,1.527080830178283,,
418,37.30497149927326,-122.0173599,1,0,CA,0,1,,,0.8876962746259767,,
419,37.30497149927326,-122.0112639,1,0,CA,0,1,,,0.919686077,,
420,37.30497149927326,-122.0110735,1,0,CA,0,1,,,0.9237656927447413,,
421,37.30497149927326,-122.0065653,1,0,CA,0,1,,,1.0642112849690217,,
422,37.30497149927326,-122.0049427,1,0,CA,0,1,,,1.0180672488221083,,
423,37.30497149927326,-122.000688,1,0,CA,0,1,,,0.8760217678772403,,
424,37.30497149927326,-121.9947377,1,0,CA,0,1,,,0.8252668498501348,,
425,37.30497149927326,-121.9943138,1,0,CA,0,1,,,0.8293459017127216,,
426,37.30497149927326,-121.9913735,1,0,CA,0,1,,,0.8842270377222875,,
427,37.30497149927326,-121.9873176,1,0,CA,0,1,,,1.0232603471707733,,
428,37.30497149927326,-121.9862594,1,0,CA,0,1,,,1.0686874138162095,,
429,37.30497149927326,-121.9840374,1,0,CA,0,1,,,1.1732167342134205,,
430,37.30497149927326,-121.9819763,1,0,CA,0,1,,,1.2726655327526588,,
431,37.30497149927326,-121.9800709,1,0,CA,0,1,,,1.2539296445397123,,
432,37.30497149927326,-121.978246,1,0,CA,0,1,,,1.248800779378513,,
433,37.30497149927326,-121.9727905,1,0,CA,0,1,,,1.3079616354207535,,
434,37.30497149927326,-121.9698067,1,0,CA,0,1,,,1.3833726961874142,,
435,37.30497149927326,-121.9663624,1,0,CA,0,1,,,1.5012353904507494,,
436,37.30497149927326,-121.9628381,1,0,CA,0,1,,,1.6488937633481675,,
437,37.30497149927326,-121.9572833,1,0,CA,0,1,,,1.6718292027399424,,
438,37.30497149927326,-121.9565322,1,0,CA,0,1,,,1.6221732278647871,,
439,37.30497149927326,-121.9507507,1,0,CA,0,1,,,1.2460872139952848,,
440,37.30757066268008,-122.0191958,1,0,CA,0,1,,,0.9902965467788045,,
441,37.30757066268008,-122.0136877,1,0,CA,0,1,,,0.9778843355068906,,
442,37.30757066268008,-122.0115176,1,0,CA,0,1,,,1.0061058207967843,,
443,37.30757066268008,-122.0048461,1,0,CA,0,1,,,0.9389135073892381,,
444,37.30757066268008,-121.9995789,1,0,CA,0,1,,,0.7608080234712177,,
445,37.30757066268008,-121.9947162,1,0,CA,0,1,,,0.7311168744037827,,
446,37.30757066268008,-121.9883041,1,0,CA,0,1,,,0.9062516467416166,,
447,37.30757066268008,-121.9841704,1,0,CA,0,1,,,1.1019495475209353,,
448,37.30757066268008,-121.9781053,1,0,CA,0,1,,,1.1538358992135873,,
449,37.30757066268008,-121.9718232,1,0,CA,0,1,,,1.240479421832631,,
450,37.30757066268008,-121.9691253,1,0,CA,0,1,,,1.320436690562831,,
451,37.30757066268008,-121.966289,1,0,CA,0,1,,,1.426101122960758,,
452,37.30757066268008,-121.9605941,1,0,CA,0,1,,,1.6877303114562052,,
453,37.30757066268008,-121.9544467,1,0,CA,0,1,,,1.5184217409858385,,
454,37.30757066268008,-121.9537064,1,0,CA,0,1,,,1.4711905140628043,,
455,37.30757066268008,-121.9524881,1,0,CA,0,1,,,1.394065482836859,,
456,37.30757066268008,-121.9503694,1,0,CA,0,1,,,1.2620900917800133,,
457,37.30757066268008,-121.9458035,1,0,CA,0,1,,,0.9915383349387606,,
458,37.30757066268008,-121.9399063,1,0,CA,0,1,,,0.7001749060174658,,
459,37.30757066268008,-121.93804,1,0,CA,0,1,,,0.6351630931392414,,
460,37.30757066268008,-121.9376971,1,0,CA,0,1,,,0.6253788148468505,,
461,37.30757066268008,-121.9346659,1,0,CA,0,1,,,0.5752418442389516,,
462,37.30851986016577,-122.0196579,1,0,CA,0,1,,,0.9529291762749689,,
463,37.30851986016577,-122.0183053,1,0,CA,0,1,,,0.9640098529324987,,
464,37.30851986016577,-122.0117867,1,0,CA,0,1,,,1.0351927317301166,,
465,37.30851986016577,-122.0109769,1,0,CA,0,1,,,1.049741279,,
466,37.30851986016577,-122.0053858,1,0,CA,0,1,,,0.9372393824465933,,
467,37.30851986016577,-122.0035075,1,0,CA,0,1,,,0.8546312700246307,,
468,37.30851986016577,-122.0021441,1,0,CA,0,1,,,0.8025279785079625,,
469,37.30851986016577,-121.9964838,1,0,CA,0,1,,,0.6894943126145596,,
470,37.30851986016577,-121.9924486,1,0,CA,0,1,,,0.7361838912598434,,
471,37.30851986016577,-121.9884254,1,0,CA,0,1,,,0.8735698332712355,,
472,37.30851986016577,-121.9858154,1,0,CA,0,1,,,0.9946136154856416,,
473,37.30851986016577,-121.9839364,1,0,CA,0,1,,,1.0919367422858635,,
474,37.30851986016577,-121.9783381,1,0,CA,0,1,,,1.1189079879675488,,
475,37.30851986016577,-121.9764113,1,0,CA,0,1,,,1.1274918177411084,,
476,37.30851986016577,-121.9742352,1,0,CA,0,1,,,1.1557004241631323,,
477,37.30851986016577,-121.9688951,1,0,CA,0,1,,,1.2982018002129116,,
478,37.30851986016577,-121.9654745,1,0,CA,0,1,,,1.4326179629031088,,
479,37.30851986016577,-121.9652343,1,0,CA,0,1,,,1.4430414142234596,,
480,37.30851986016577,-121.9601713,1,0,CA,0,1,,,1.6859329554148577,,
481,37.30851986016577,-121.9583983,1,0,CA,0,1,,,1.779432708881062,,
482,37.30851986016577,-121.9559273,1,0,CA,0,1,,,1.6262717621844405,,
483,37.30851986016577,-121.9511797,1,0,CA,0,1,,,1.3277502650214188,,
484,,,,,,,,,,,,