,POLE_LAT,POLE_LONG,POLE_ZIPCODE,POLE_POP_SCALED,POLE_SUB_DIST,POLE_SUB_DIST_SCALED,POLE_ZONE,SYNTH_SENSOR_DATA,FAKE_OR_SYNTH,POLE_CRIT_LABEL,POLE_CRIT_CALC
0,37.3004791,-121.9543924,95008,0.397310299,1.436875147914870,0.783977536,0,0,1,,
1,37.2816897,-122.0189597,95070,0.268768215,0.25344903,0.115830826,1,0,1,,
2,37.2816897,-122.0166085,95070,0.268768215,0.09290184,0.025188009,1,0,1,,
3,37.2795579,-121.9894266,95070,0.268768215,1.789135850826220,0.982859263,1,0,1,,
4,37.298107,-121.9530383,95008,0.397310299,1.328130837593520,0.722581939,0,0,1,,
5,37.2795579,-121.9550796,95032,0.22024123,1.219499167668740,0.661249937,1,0,1,,
6,37.2886359,-121.9624128,95032,0.22024123,1.299981771398320,0.706689349,1,0,1,,
7,37.2857072,-121.9712965,95032,0.22024123,1.213793253914310,0.658028454,1,0,1,,
8,37.2886359,-121.9571407,95032,0.22024123,1.421253673361610,0.775157859,1,0,1,,
9,37.2918084,-122.0148289,95070,0.268768215,0.395462671,0.196009847,1,0,1,,
10,37.2857072,-121.9768024,95032,0.22024123,1.370768066539990,0.746654354,1,0,1,,
11,37.2795579,-121.9591318,95032,0.22024123,1.063057603282850,0.572925102,1,0,1,,
12,37.2886359,-121.9685083,95032,0.22024123,1.280324697869690,0.695591226,1,0,1,,
13,37.3049715,-121.9943138,95051,0.476904035,0.829345902,0.440974572,0,0,1,,
14,37.2857072,-122.0094674,95070,0.268768215,0.43809853,0.220081488,1,0,1,,
15,37.2899865,-121.9981833,95070,0.268768215,1.227658139649350,0.665856385,1,0,1,,
16,37.2857072,-121.9359549,95008,0.397310299,0.258994159,0.118961533,0,0,1,,
17,37.2973888,-121.9474158,95008,0.397310299,0.941775739,0.504450968,0,0,1,,
18,37.3028574,-121.9931802,95051,0.476904035,0.920367981,0.492364432,0,0,1,,
19,37.3028574,-121.9939976,95051,0.476904035,0.909259789,0.486092894,0,0,1,,
20,37.2857072,-122.003931,95070,0.268768215,0.804371799,0.426874524,1,0,1,,
21,37.2989946,-121.9651317,95032,0.22024123,1.652474294277900,0.905701959,1,0,1,,
22,37.2991858,-122.0064041,95070,0.268768215,0.905365944,0.48389448,1,0,1,,
23,37.3005419,-121.9989353,95051,0.476904035,0.999430303,0.537001972,0,0,1,,
24,37.3085199,-121.9964838,95051,0.476904035,0.689494313,0.362016217,0,0,1,,
25,37.3049715,-121.9947377,95051,0.476904035,0.82526685,0.438671593,0,0,1,,
26,37.3005419,-122.0023205,95051,0.476904035,1.068757575177820,0.576143231,0,0,1,,
27,37.2857072,-121.9827065,95032,0.22024123,1.623482194835690,0.889333403,1,0,1,,
28,37.2886359,-121.9693154,95032,0.22024123,1.288066147248640,0.699961946,1,0,1,,
29,37.298107,-121.9596214,95032,0.22024123,1.683009229115980,0.922941578,1,0,1,,
30,37.3004791,-121.9664577,95051,0.476904035,1.637142325876130,0.897045732,0,0,1,,
31,37.3085199,-121.9924486,95051,0.476904035,0.736183891,0.388376534,0,0,1,,
32,37.3049715,-122.0112639,95070,0.268768215,0.919686077,0.491979438,1,0,1,,
33,37.2795579,-121.9594172,95032,0.22024123,1.053969687663160,0.567794186,1,0,1,,
34,37.2899865,-122.0037534,95070,0.268768215,0.862836533,0.459882938,1,0,1,,
35,37.2973888,-121.9965805,95051,0.476904035,1.097065453032550,0.592125484,0,0,1,,
36,37.3028574,-121.9950849,95051,0.476904035,0.899781393,0.480741517,0,0,1,,
37,37.2989946,-121.956237,95008,0.397310299,1.551455867742630,0.848668293,0,0,1,,
38,37.2857072,-121.9681649,95032,0.22024123,1.171188650454510,0.633974459,1,0,1,,
39,37.2945064,-122.016686,95070,0.268768215,0.502041982,0.256183114,1,0,1,,
40,37.2989946,-121.9599711,95032,0.22024123,1.707867498877010,0.936976228,1,0,1,,
41,37.3028574,-121.9943559,95051,0.476904035,0.905458916,0.483946971,0,0,1,,
42,37.2991858,-121.9974636,95051,0.476904035,1.034682508786800,0.5569049,0,0,1,,
43,37.2831277,-121.9634813,95032,0.22024123,1.087962217931130,0.586985918,1,0,1,,
44,37.2918084,-121.9913894,95051,0.476904035,1.342669634694970,0.730790352,0,0,1,,
45,37.3028574,-121.9984143,95051,0.476904035,0.909565902,0.486265721,0,0,1,,
46,37.2899865,-122.0065505,95070,0.268768215,0.687931338,0.361133782,1,0,1,,
47,37.3004791,-121.9695423,95051,0.476904035,1.540552086040380,0.842512162,0,0,1,,
48,37.2989946,-121.9774102,95051,0.476904035,1.469117422869870,0.802181098,0,0,1,,
49,37.2973888,-121.9915585,95051,0.476904035,1.142504558722170,0.617779801,0,0,1,,
50,37.2945064,-122.0177152,95070,0.268768215,0.520249064,0.266462591,1,0,1,,
51,37.3085199,-122.0021441,95051,0.476904035,0.802527979,0.425833527,0,0,1,,
52,37.2989946,-121.9712997,95051,0.476904035,1.547741152261950,0.846571014,0,0,1,,
53,37.3004791,-121.9709377,95051,0.476904035,1.504758471476520,0.822303562,0,0,1,,
54,37.2991858,-122.0009642,95051,0.476904035,1.082396159515170,0.583843395,0,0,1,,
55,37.3049715,-122.0173599,95070,0.268768215,0.887696275,0.473918419,1,0,1,,
56,37.2989946,-121.9795277,95051,0.476904035,1.469453581804760,0.802370889,0,0,1,,
57,37.2918084,-121.9906506,95051,0.476904035,1.356184327975620,0.738420568,0,0,1,,
58,37.3004791,-121.9773635,95051,0.476904035,1.415024788592890,0.771641113,0,0,1,,
59,37.2973888,-121.9972767,95051,0.476904035,1.099296272737730,0.593384975,0,0,1,,
60,37.2991858,-121.9989416,95051,0.476904035,1.048305456588620,0.564596236,0,0,1,,
61,37.2918084,-121.9957094,95051,0.476904035,1.301471091841200,0.7075302,0,0,1,,
62,37.2945064,-122.0192713,95070,0.268768215,0.563922499,0.291120034,1,0,1,,
63,37.3004791,-121.9774605,95051,0.476904035,1.414694660000000,0.771454727,0,0,1,,
64,37.2899865,-122.0128469,95070,0.268768215,0.368850569,0.180985006,1,0,1,,
65,37.3049715,-121.9913735,95051,0.476904035,0.884227038,0.471959734,0,0,1,,
66,37.2816897,-122.0159186,95070,0.268768215,0.048288662,0,1,0,1,,
67,37.2945064,-121.9934579,95051,0.476904035,1.217008510698650,0.659843746,0,0,1,,
68,37.3049715,-122.000688,95051,0.476904035,0.876021768,0.467327147,0,0,1,,
69,37.2886359,-121.9698378,95032,0.22024123,1.294333746544850,0.703500549,1,0,1,,
70,37.2936298,-121.9822742,95051,0.476904035,1.564705758793270,0.856149006,0,0,1,,
71,37.2991858,-122.0001791,95051,0.476904035,1.067121199710050,0.575219355,0,0,1,,
72,37.2795579,-121.9598291,95032,0.22024123,1.041372384217460,0.560681915,1,0,1,,
73,37.2973888,-121.9860742,95051,0.476904035,1.300596978125390,0.707036687,0,0,1,,
74,37.3004791,-121.9847882,95051,0.476904035,1.260314560000000,0.684293767,0,0,1,,
75,37.3004791,-121.9790161,95051,0.476904035,1.413737499556280,0.770914327,0,0,1,,
76,37.2945064,-121.9750673,95032,0.22024123,1.604150888525640,0.878419204,1,0,1,,
77,37.2882109,-121.9915775,95051,0.476904035,1.467764561892460,0.80141729,0,0,1,,
78,37.2831277,-121.9641137,95032,0.22024123,1.080901671295650,0.582999627,1,0,1,,
79,37.2991858,-122.0026931,95070,0.268768215,1.095852344438470,0.591440579,1,0,1,,
80,37.3028574,-122.0081437,95070,0.268768215,0.939687482,0.503271966,1,0,1,,
81,37.3028574,-122.0026166,95051,0.476904035,1.000384724919970,0.537540826,0,0,1,,
82,37.2973888,-121.9738842,95051,0.476904035,1.558065574834710,0.852400046,0,0,1,,
83,37.2857072,-121.9296438,95008,0.397310299,0.381602725,0.188184705,0,0,1,,
84,37.2857072,-121.9975929,95070,0.268768215,1.235852624481860,0.670482883,1,0,1,,
85,37.2973888,-121.9728856,95051,0.476904035,1.573396629861260,0.861055757,0,0,1,,
86,37.2936298,-121.9587466,95032,0.22024123,1.545690320385310,0.845413141,1,0,1,,
87,37.3006486,-121.9724591,95051,0.476904035,1.465996252980910,0.800418927,0,0,1,,
88,37.3006486,-121.9788248,95051,0.476904035,1.407210836084180,0.767229459,0,0,1,,
89,37.2960894,-121.9789385,95051,0.476904035,1.574183358736510,0.861499934,0,0,1,,
90,37.2795579,-121.964513,95032,0.22024123,0.947764617,0.507832209,1,0,1,,
91,37.2973888,-121.9859682,95051,0.476904035,1.304548522227590,0.709267676,0,0,1,,
92,37.2936298,-121.9886419,95051,0.476904035,1.340041151390710,0.729306345,0,0,1,,
93,37.298107,-121.9600532,95032,0.22024123,1.675038240820250,0.918441264,1,0,1,,
94,37.3006486,-121.9691414,95051,0.476904035,1.546144275305680,0.845669438,0,0,1,,
95,37.3006486,-121.9659739,95051,0.476904035,1.648977375081080,0.903727644,0,0,1,,
96,37.2795579,-121.9539787,95032,0.22024123,1.269360953710300,0.689401241,1,0,1,,
97,37.2973888,-121.9797593,95051,0.476904035,1.529028564869670,0.836006135,0,0,1,,
98,37.2936298,-121.9914221,95051,0.476904035,1.277580002180500,0.694041607,0,0,1,,
99,37.2991858,-122.008831,95070,0.268768215,0.800943254,0.424938813,1,0,1,,
100,37.3085199,-122.0035075,95051,0.476904035,0.85463127,0.455250356,0,0,1,,
101,37.2973888,-121.9774598,95051,0.476904035,1.527663917161250,0.835235673,0,0,1,,
102,37.2882109,-121.9916712,95051,0.476904035,1.466372587071800,0.8006314,0,0,1,,
103,37.2918084,-122.0138652,95070,0.268768215,0.406477551,0.202228702,1,0,1,,
104,37.3028574,-122.0095728,95070,0.268768215,0.89164471,0.476147653,1,0,1,,
105,37.2857072,-121.9892108,95051,0.476904035,1.598849573597520,0.875426152,0,0,1,,
106,37.2831277,-121.9655457,95032,0.22024123,1.071348404897940,0.577605979,1,0,1,,
107,37.2857072,-121.9236807,95008,0.397310299,0.754511233,0.398723909,0,0,1,,
108,37.3028574,-121.9674622,95051,0.476904035,1.527080830178280,0.83490647,0,0,1,,
109,37.3049715,-122.0049427,95051,0.476904035,1.018067248822100,0.547524144,0,0,1,,
110,37.2936298,-121.9964758,95051,0.476904035,1.234516946534510,0.669728776,0,0,1,,
111,37.2991858,-122.015265,95070,0.268768215,0.664333104,0.347810532,1,0,1,,
112,37.2989946,-122.0029307,95070,0.268768215,1.078561561726080,0.581678432,1,0,1,,
113,37.2886359,-121.9751467,95032,0.22024123,1.409819843724810,0.76870247,1,0,1,,
114,37.3085199,-121.9884254,95051,0.476904035,0.873569833,0.465942817,0,0,1,,
115,37.3085199,-122.0053858,95051,0.476904035,0.937239382,0.501889802,0,0,1,,
116,37.3075707,-121.9605941,95051,0.476904035,1.687730311456200,0.925607039,0,0,1,,
117,37.2918084,-121.9840365,95051,0.476904035,1.548537029125400,0.847020356,0,0,1,,
118,37.3075707,-121.966289,95051,0.476904035,1.426101122960750,0.777894665,0,0,1,,
119,37.3005419,-121.9925096,95051,0.476904035,1.013750102656230,0.545086741,0,0,1,,
120,37.2918084,-121.9829285,95051,0.476904035,1.591356931544070,0.871195905,0,0,1,,
121,37.2973888,-121.9507834,95008,0.397310299,1.170127457678460,0.633375324,0,0,1,,
122,37.2816897,-121.9855373,95032,0.22024123,1.672048423460130,0.916753253,1,0,1,,
123,37.3004791,-122.0147355,95070,0.268768215,0.712793071,0.375170387,1,0,1,,
124,37.2831277,-121.9658901,95032,0.22024123,1.070403386304020,0.577072434,1,0,1,,
125,37.2973888,-121.955024,95008,0.397310299,1.459627816211470,0.796823392,0,0,1,,
126,37.3005419,-122.012478,95070,0.268768215,0.740260043,0.390677875,1,0,1,,
127,37.2857072,-121.9374106,95008,0.397310299,0.320846387,0.153882481,0,0,1,,
128,37.3085199,-122.0109769,95070,0.268768215,1.049741279000000,0.565406882,1,0,1,,
129,37.2795579,-121.9675657,95032,0.22024123,0.943220721,0.505266786,1,0,1,,
130,37.2795579,-121.9701014,95032,0.22024123,0.974774247,0.523081489,1,0,1,,
131,37.2795579,-121.9744865,95032,0.22024123,1.095327185799170,0.591144081,1,0,1,,
132,37.2831277,-121.9715694,95032,0.22024123,1.129479356702290,0.610425945,1,0,1,,
133,37.2918084,-122.0077142,95070,0.268768215,0.656160945,0.343196639,1,0,1,,
134,37.3049715,-122.0110735,95070,0.268768215,0.923765693,0.494282735,1,0,1,,
135,37.2886359,-121.9813154,95032,0.22024123,1.639665539458940,0.898470305,1,0,1,,
136,37.2886359,-121.9564142,95032,0.22024123,1.444383838697730,0.788216844,1,0,1,,
137,37.2989946,-121.9861406,95051,0.476904035,1.248874764429530,0.67783501,0,0,1,,
138,37.2882109,-121.9546855,95008,0.397310299,1.428484694159090,0.779240397,0,0,1,,
139,37.2882109,-122.0195862,95070,0.268768215,0.395248107,0.195888706,1,0,1,,
140,37.2857072,-121.9630836,95032,0.22024123,1.185773608775930,0.642208934,1,0,1,,
141,37.3075707,-121.9691253,95051,0.476904035,1.320436690562830,0.718237926,0,0,1,,
142,37.2960894,-122.0076438,95070,0.268768215,0.764091446,0.40413277,1,0,1,,
143,37.2857072,-121.9910889,95051,0.476904035,1.564617222134230,0.85609902,0,0,1,,
144,37.2936298,-121.9609228,95032,0.22024123,1.501390326314860,0.820401952,1,0,1,,
145,37.3004791,-122.0092043,95070,0.268768215,0.827207981,0.43976753,1,0,1,,
146,37.2831277,-121.988599,95051,0.476904035,1.701663620316830,0.933473601,0,0,1,,
147,37.2795579,-121.988956,95051,0.476904035,1.819495643412400,1.000000000000000,0,0,1,,
148,37.298107,-121.964688,95032,0.22024123,1.621900991048650,0.888440677,1,0,1,,
149,37.3005419,-122.013203,95070,0.268768215,0.728640462,0.384117614,1,0,1,,
150,37.2960894,-121.9845807,95051,0.476904035,1.397523203327720,0.76175995,0,0,1,,
151,37.2899865,-122.0175883,95070,0.268768215,0.363316932,0.177860788,1,0,1,,
152,37.3028574,-122.0127834,95070,0.268768215,0.81761357,0.434350653,1,0,1,,
153,37.2795579,-121.9954484,95070,0.268768215,1.373297235249720,0.748082289,1,0,1,,
154,37.2945064,-122.0107829,95070,0.268768215,0.583670133,0.302269287,1,0,1,,
155,37.2989946,-121.9899802,95051,0.476904035,1.123188234846310,0.606874061,0,0,1,,
156,37.2936298,-121.9612485,95032,0.22024123,1.495948166222770,0.81732938,1,0,1,,
157,37.2899865,-121.982439,95051,0.476904035,1.665381606118730,0.912989256,0,0,1,,
158,37.2936298,-121.9633506,95032,0.22024123,1.468655206964200,0.801920137,1,0,1,,
159,37.2960894,-122.0025432,95070,0.268768215,1.039838678917880,0.559816005,1,0,1,,
160,37.3049715,-121.9873176,95051,0.476904035,1.023260347170770,0.550456099,0,0,1,,
161,37.3005419,-122.0195403,95070,0.268768215,0.771627984,0.4083878,1,0,1,,
162,37.2857072,-122.0156579,95070,0.268768215,0.172294858,0.070012256,1,0,1,,
163,37.3028574,-121.9901786,95051,0.476904035,0.988149498,0.530632979,0,0,1,,
164,37.2989946,-121.953034,95008,0.397310299,1.333795538786190,0.725780155,0,0,1,,
165,37.2936298,-121.9672694,95032,0.22024123,1.455596205004270,0.794547197,1,0,1,,
166,37.2945064,-121.9891903,95051,0.476904035,1.295930570566430,0.704402095,0,0,1,,
167,37.2857072,-121.9419646,95008,0.397310299,0.588055346,0.30474512,0,0,1,,
168,37.298107,-121.968819,95032,0.22024123,1.627054594344300,0.891350333,1,0,1,,
169,37.2882109,-122.0169681,95070,0.268768215,0.286307445,0.134382252,1,0,1,,
170,37.3004791,-121.9885193,95051,0.476904035,1.117386904123150,0.603598706,0,0,1,,
171,37.3004791,-121.9933314,95051,0.476904035,1.003262591545910,0.539165631,0,0,1,,
172,37.3085199,-122.0117867,95070,0.268768215,1.035192731730110,0.557192965,1,0,1,,
173,37.3028574,-122.017103,95070,0.268768215,0.808422228,0.429161342,1,0,1,,
174,37.2960894,-121.95032,95008,0.397310299,1.131146823192800,0.611367374,0,0,1,,
175,37.2960894,-121.985462,95051,0.476904035,1.363477444596470,0.742538165,0,0,1,,
176,37.3049715,-122.0065653,95070,0.268768215,1.064211284969020,0.573576456,1,0,1,,
177,37.2936298,-121.9685237,95032,0.22024123,1.462025035532270,0.79817683,1,0,1,,
178,37.3004791,-122.0073567,95070,0.268768215,0.899010578,0.480306325,1,0,1,,
179,37.3075707,-122.0136877,95070,0.268768215,0.977884336,0.524837404,1,0,1,,
180,37.2960894,-122.0130191,95070,0.268768215,0.573125907,0.296316157,1,0,1,,
181,37.3075707,-122.0115176,95070,0.268768215,1.006105820796780,0.54077088,1,0,1,,
182,37.3049715,-121.9862594,95051,0.476904035,1.068687413816200,0.576103619,0,0,1,,
183,37.2899865,-121.9875541,95051,0.476904035,1.492240920488680,0.815236318,0,0,1,,
184,37.3049715,-121.9840374,95051,0.476904035,1.173216734213420,0.635119489,0,0,1,,
185,37.2973888,-121.9602637,95032,0.22024123,1.645914745711030,0.901998524,1,0,1,,
186,37.2816897,-122.0137783,95070,0.268768215,0.108220189,0.033836546,1,0,1,,
187,37.3006486,-121.9847584,95051,0.476904035,1.256770655725260,0.682292926,0,0,1,,
188,37.2831277,-122.0189932,95070,0.268768215,0.26580554,0.122807148,1,0,1,,
189,37.2882109,-121.9521044,95008,0.397310299,1.251030551742630,0.679052139,0,0,1,,
190,37.2795579,-121.9787602,95032,0.22024123,1.272650264180200,0.691258342,1,0,1,,
191,37.2882109,-121.9579513,95032,0.22024123,1.382994951294930,0.753557491,1,0,1,,
192,37.3004791,-122.0042391,95070,0.268768215,1.044639644112340,0.562526567,1,0,1,,
193,37.2973888,-121.9599255,95032,0.22024123,1.652019967318580,0.905445452,1,0,1,,
194,37.3005419,-122.0116961,95070,0.268768215,0.756318707,0.399744385,1,0,1,,
195,37.3028574,-121.9679561,95051,0.476904035,1.510448659473350,0.825516167,0,0,1,,
196,37.2973888,-121.9591477,95032,0.22024123,1.667219360234810,0.914026828,1,0,1,,
197,37.2991858,-121.9920423,95051,0.476904035,1.070076525303990,0.576887893,0,0,1,,
198,37.2991858,-121.9639199,95032,0.22024123,1.665730848102810,0.913186433,1,0,1,,
199,37.3075707,-121.9718232,95051,0.476904035,1.240479421832630,0.673095111,0,0,1,,
200,37.2918084,-122.0037682,95070,0.268768215,0.889373987,0.474865633,1,0,1,,
201,37.2857072,-121.9431663,95008,0.397310299,0.665521978,0.348481754,0,0,1,,
202,37.2936298,-121.9998436,95070,0.268768215,1.163599880663710,0.62968994,1,0,1,,
203,37.2899865,-121.9925167,95051,0.476904035,1.391096230982530,0.758131366,0,0,1,,
204,37.2960894,-122.0189223,95070,0.268768215,0.604907533,0.314259642,1,0,1,,
205,37.2936298,-121.9750516,95032,0.22024123,1.574066729944790,0.861434086,1,0,1,,
206,37.2795579,-121.9975566,95070,0.268768215,1.227754909384660,0.66591102,1,0,1,,
207,37.2991858,-121.9861696,95051,0.476904035,1.241948346560480,0.673924446,0,0,1,,
208,37.2816897,-121.9906291,95070,0.268768215,1.705371560134030,0.935567054,1,0,1,,
209,37.3085199,-121.9858154,95051,0.476904035,0.994613615,0.534282534,0,0,1,,
210,37.2960894,-121.9909321,95051,0.476904035,1.200626045878750,0.650594423,0,0,1,,
211,37.2945064,-121.9863035,95051,0.476904035,1.382823865700830,0.753460899,0,0,1,,
212,37.2945064,-122.0042816,95070,0.268768215,0.907365828,0.485023588,1,0,1,,
213,37.2960894,-121.9916046,95051,0.476904035,1.187387694586180,0.643120225,0,0,1,,
214,37.2989946,-122.0090149,95070,0.268768215,0.788066809,0.417668943,1,0,1,,
215,37.2886359,-121.9958347,95070,0.268768215,1.373893223294140,0.748418776,1,0,1,,
216,37.2989946,-121.9941333,95051,0.476904035,1.047644564804580,0.564223105,0,0,1,,
217,37.2989946,-121.9965092,95051,0.476904035,1.038174018060700,0.55887616,0,0,1,,
218,37.2960894,-122.0208775,95070,0.268768215,0.672065604,0.352176199,1,0,1,,
219,37.2831277,-122.0147021,95070,0.268768215,0.086829498,0.021759645,1,0,1,,
220,37.3006486,-121.98972,95051,0.476904035,1.074844883306700,0.579580045,0,0,1,,
221,37.298107,-121.9698493,95051,0.476904035,1.612614476593630,0.883197634,0,0,1,,
222,37.2973888,-121.9632039,95032,0.22024123,1.606242023795220,0.879599831,1,0,1,,
223,37.2945064,-121.9993336,95070,0.268768215,1.208768242816790,0.655191399,1,0,1,,
224,37.3005419,-121.9873893,95051,0.476904035,1.154522943666890,0.624565222,0,0,1,,
225,37.2899865,-121.9952944,95051,0.476904035,1.369147755428560,0.745739548,0,0,1,,
226,37.2831277,-121.9916682,95070,0.268768215,1.635181913816970,0.89593891,1,0,1,,
227,37.2960894,-121.9516144,95008,0.397310299,1.219811768589070,0.661426428,0,0,1,,
228,37.2831277,-121.9754498,95032,0.22024123,1.241624232932110,0.673741456,1,0,1,,
229,37.2857072,-121.9491126,95008,0.397310299,1.061310606404920,0.571938771,0,0,1,,
230,37.298107,-121.974871,95051,0.476904035,1.519852829905900,0.830825637,0,0,1,,
231,37.298107,-121.9780979,95051,0.476904035,1.500105753160250,0.819676699,0,0,1,,
232,37.3004791,-121.9970566,95051,0.476904035,0.985406322,0.529084218,0,0,1,,
233,37.2857072,-121.9604665,95032,0.22024123,1.232865778033680,0.668796549,1,0,1,,
234,37.2991858,-121.9826598,95051,0.476904035,1.391815564476850,0.758537493,0,0,1,,
235,37.3006486,-121.9975118,95051,0.476904035,0.981630215,0.526952278,0,0,1,,
236,37.3028574,-122.0200333,95070,0.268768215,0.863040384,0.45999803,1,0,1,,
237,37.2918084,-122.0032118,95070,0.268768215,0.923996733,0.494413177,1,0,1,,
238,37.2960894,-121.9519983,95008,0.397310299,1.246129784304510,0.676285231,0,0,1,,
239,37.3028574,-121.9723283,95051,0.476904035,1.391332213897670,0.758264599,0,0,1,,
240,37.2960894,-121.9573979,95008,0.397310299,1.617018088952240,0.885683855,0,0,1,,
241,37.2795579,-121.9842032,95032,0.22024123,1.551429536424860,0.848653427,1,0,1,,
242,37.2816897,-121.9825733,95032,0.22024123,1.514651418037780,0.827888988,1,0,1,,
243,37.2857072,-121.9531547,95008,0.397310299,1.335567160842800,0.726780389,0,0,1,,
244,37.3004791,-122.0026398,95051,0.476904035,1.079785547431810,0.582369478,0,0,1,,
245,37.3004791,-122.0025453,95051,0.476904035,1.077107872571360,0.580857698,0,0,1,,
246,37.3075707,-122.0048461,95051,0.476904035,0.938913507,0.50283499,0,0,1,,
247,37.2816897,-122.011514,95070,0.268768215,0.263158328,0.121312567,1,0,1,,
248,37.2945064,-121.9414237,95008,0.397310299,0.514968731,0.263481385,0,0,1,,
249,37.2936298,-122.0147542,95070,0.268768215,0.462382893,0.233792118,1,0,1,,
250,37.298107,-122.001449,95051,0.476904035,1.130399377970160,0.610945376,0,0,1,,
251,37.3075707,-121.9995789,95051,0.476904035,0.760808023,0.402278993,0,0,1,,
252,37.3006486,-121.9912645,95051,0.476904035,1.035000035185310,0.557084171,0,0,1,,
253,37.2936298,-121.9764668,95032,0.22024123,1.614032956776690,0.883998489,1,0,1,,
254,37.2936298,-122.0170253,95070,0.268768215,0.475857761,0.241399849,1,0,1,,
255,37.2882109,-122.0104479,95070,0.268768215,0.426074879,0.213293094,1,0,1,,
256,37.3006486,-122.0024081,95051,0.476904035,1.067591848627370,0.575485077,0,0,1,,
257,37.3085199,-121.9652343,95051,0.476904035,1.443041414223450,0.787458929,0,0,1,,
258,37.3028574,-121.9793411,95051,0.476904035,1.327628399088780,0.722298269,0,0,1,,
259,37.3085199,-121.9601713,95051,0.476904035,1.685932955414850,0.924592276,0,0,1,,
260,37.2816897,-121.9801176,95032,0.22024123,1.393611214764350,0.759551293,1,0,1,,
261,37.2882109,-121.9598376,95032,0.22024123,1.333681760245860,0.725715917,1,0,1,,
262,37.2882109,-121.998313,95070,0.268768215,1.203197077830320,0.652045993,1,0,1,,
263,37.2918084,-122.0012886,95070,0.268768215,1.045729968568820,0.563142149,1,0,1,,
264,37.3006486,-121.9954784,95051,0.476904035,0.978630964,0.52525894,0,0,1,,
265,37.2918084,-122.0017196,95070,0.268768215,1.018206361426970,0.547602685,1,0,1,,
266,37.3075707,-121.9781053,95051,0.476904035,1.153835899213580,0.624177326,0,0,1,,
267,37.2831277,-121.9860147,95032,0.22024123,1.730388894808350,0.94969151,1,0,1,,
268,37.2973888,-121.966552,95032,0.22024123,1.591732762959370,0.871408095,1,0,1,,
269,37.2882109,-121.9763759,95032,0.22024123,1.434910794943350,0.782868489,1,0,1,,
270,37.2882109,-122.008093,95070,0.268768215,0.563282467,0.290758681,1,0,1,,
271,37.3075707,-121.9947162,95051,0.476904035,0.731116874,0.385515764,0,0,1,,
272,37.2945064,-121.966783,95032,0.22024123,1.486543849517990,0.812019828,1,0,1,,
273,37.2882109,-122.0079206,95070,0.268768215,0.573851324,0.296725717,1,0,1,,
274,37.2816897,-121.9960314,95070,0.268768215,1.332130718205120,0.724840219,1,0,1,,
275,37.2918084,-121.9571268,95032,0.22024123,1.526332954212090,0.834484229,1,0,1,,
276,37.2973888,-122.020521,95070,0.268768215,0.698593721,0.367153622,1,0,1,,
277,37.2816897,-121.998489,95070,0.268768215,1.162346556957880,0.62898233,1,0,1,,
278,37.3049715,-121.9819763,95051,0.476904035,1.272665532752650,0.691266963,0,0,1,,
279,37.2899865,-121.9491844,95008,0.397310299,1.044368933246700,0.562373727,0,0,1,,
280,37.3075707,-121.9883041,95051,0.476904035,0.906251647,0.484394536,0,0,1,,
281,37.3028574,-121.9744121,95051,0.476904035,1.354732062811310,0.737600639,0,0,1,,
282,37.3085199,-121.9654745,95051,0.476904035,1.432617962903100,0.781573986,0,0,1,,
283,37.2882109,-122.0036151,95070,0.268768215,0.84940964,0.452302292,1,0,1,,
284,37.2816897,-122.0036798,95070,0.268768215,0.80378006,0.426540436,1,0,1,,
285,37.298107,-121.9789965,95051,0.476904035,1.500470037426440,0.819882369,0,0,1,,
286,37.3028574,-121.976084,95051,0.476904035,1.335903864020110,0.726970487,0,0,1,,
287,37.2899865,-121.9500366,95008,0.397310299,1.103132952118540,0.595551114,0,0,1,,
288,37.2882109,-121.9660897,95032,0.22024123,1.256028810142470,0.68187409,1,0,1,,
289,37.3075707,-121.9841704,95051,0.476904035,1.101949547520930,0.594882979,0,0,1,,
290,37.2960894,-121.9623835,95032,0.22024123,1.568014593096590,0.85801713,1,0,1,,
291,37.2882109,-122.0013375,95070,0.268768215,1.000275978172710,0.537479429,1,0,1,,
292,37.2945064,-121.9617397,95032,0.22024123,1.519686232338300,0.830731578,1,0,1,,
293,37.2831277,-121.9796294,95032,0.22024123,1.410277019366380,0.768960585,1,0,1,,
294,37.2899865,-121.9794375,95032,0.22024123,1.601495445427750,0.876919976,1,0,1,,
295,37.3005419,-121.9631152,95032,0.22024123,1.721381062257890,0.944605807,1,0,1,,
296,37.2795579,-121.9888017,95032,0.22024123,1.814536432977730,0.997200095,1,0,1,,
297,37.2991858,-121.9690143,95051,0.476904035,1.598548383567960,0.875256104,0,0,1,,
298,37.2918084,-121.9699424,95032,0.22024123,1.409777923113850,0.768678802,1,0,1,,
299,37.2989946,-122.0120156,95070,0.268768215,0.695538221,0.365428528,1,0,1,,
300,37.2831277,-121.9811012,95032,0.22024123,1.478542666302150,0.807502465,1,0,1,,
301,37.2945064,-121.9444669,95008,0.397310299,0.722600226,0.380707377,0,0,1,,
302,37.2882109,-121.9460277,95008,0.397310299,0.834754494,0.444028191,0,0,1,,
303,37.3004791,-121.9629688,95032,0.22024123,1.720436817372000,0.944072699,1,0,1,,
304,37.2918084,-121.9586116,95032,0.22024123,1.486511894686680,0.812001786,1,0,1,,
305,37.3085199,-121.9583983,95051,0.476904035,1.779432708881060,0.977380998,0,0,1,,
306,37.2882109,-121.9749696,95032,0.22024123,1.390516456747400,0.757804034,1,0,1,,
307,37.2882109,-121.9707435,95032,0.22024123,1.292378492247900,0.702396639,1,0,1,,
308,37.3004791,-121.9595143,95032,0.22024123,1.768529064235260,0.971224945,1,0,1,,
309,37.2816897,-122.0112123,95070,0.268768215,0.283928452,0.133039104,1,0,1,,
310,37.2899865,-121.9509173,95008,0.397310299,1.163875053066170,0.629845299,0,0,1,,
311,37.2816897,-121.9614736,95032,0.22024123,1.071350357550420,0.577607082,1,0,1,,
312,37.2899865,-121.9511478,95008,0.397310299,1.179774604550320,0.638821975,0,0,1,,
313,37.2816897,-122.0061486,95070,0.268768215,0.633283828,0.330280522,1,0,1,,
314,37.3006486,-122.0090668,95070,0.268768215,0.837408335,0.445526515,1,0,1,,
315,37.2816897,-122.0102665,95070,0.268768215,0.349099962,0.169834075,1,0,1,,
316,37.3005419,-121.9814871,95051,0.476904035,1.412579662457300,0.770260627,0,0,1,,
317,37.2918084,-121.972091,95032,0.22024123,1.443470980780730,0.787701456,1,0,1,,
318,37.3005419,-121.9617148,95032,0.22024123,1.736514034294650,0.953149683,1,0,1,,
319,37.2936298,-121.9565334,95008,0.397310299,1.551238539088640,0.848545592,0,0,1,,
320,37.2816897,-121.9673963,95032,0.22024123,1.020004146554940,0.548617691,1,0,1,,
321,37.2886359,-121.9862605,95051,0.476904035,1.574522038953970,0.861691148,0,0,1,,
322,37.2945064,-121.9688782,95032,0.22024123,1.496606312146070,0.817700961,1,0,1,,
323,37.2816897,-121.9697496,95032,0.22024123,1.044379520355280,0.562379704,1,0,1,,
324,37.2918084,-121.9591384,95032,0.22024123,1.473842166504210,0.804848626,1,0,1,,
325,37.2945064,-121.9694399,95032,0.22024123,1.501666820722390,0.820558057,1,0,1,,
326,37.2918084,-121.9696485,95032,0.22024123,1.406325425995750,0.766729568,1,0,1,,
327,37.2918084,-121.9648342,95032,0.22024123,1.391367618265090,0.758284588,1,0,1,,
328,37.2960894,-121.9924144,95051,0.476904035,1.173692036475960,0.635387838,0,0,1,,
329,37.2795579,-121.949879,95008,0.397310299,1.179330858188670,0.638571442,0,0,1,,
330,37.3049715,-121.9800709,95051,0.476904035,1.253929644539710,0.680688929,0,0,1,,
331,37.2918084,-121.9652537,95032,0.22024123,1.389513568629530,0.757237816,1,0,1,,
332,37.3049715,-121.9628381,95051,0.476904035,1.648893763348160,0.903680438,0,0,1,,
333,37.2918084,-121.966909,95032,0.22024123,1.388092549262460,0.756435527,1,0,1,,
334,37.3085199,-121.9688951,95051,0.476904035,1.298201800212910,0.705684401,0,0,1,,
335,37.2918084,-121.9779033,95032,0.22024123,1.601433203702950,0.876884835,1,0,1,,
336,37.2945064,-121.9830948,95051,0.476904035,1.504760779561090,0.822304865,0,0,1,,
337,37.2945064,-121.9719968,95032,0.22024123,1.536926255696900,0.840465067,1,0,1,,
338,37.2960894,-121.9673096,95032,0.22024123,1.545607631762260,0.845366457,1,0,1,,
339,37.2795579,-122.002583,95070,0.268768215,0.880923186,0.470094423,1,0,1,,
340,37.2960894,-121.9726218,95032,0.22024123,1.604163843400190,0.878426518,1,0,1,,
341,37.2945064,-121.9497714,95008,0.397310299,1.086950816558450,0.586414894,0,0,1,,
342,37.2899865,-121.975124,95032,0.22024123,1.453890736480130,0.793584312,1,0,1,,
343,37.2899865,-121.9670408,95032,0.22024123,1.321779794065010,0.718996224,1,0,1,,
344,37.2886359,-121.996936,95070,0.268768215,1.299459787189060,0.706394644,1,0,1,,
345,37.2936298,-121.9532422,95008,0.397310299,1.324054294318560,0.720280377,0,0,1,,
346,37.2989946,-122.0125282,95070,0.268768215,0.684778399,0.359353674,1,0,1,,
347,37.2886359,-121.9880796,95051,0.476904035,1.523959348045350,0.833144122,0,0,1,,
348,37.2882109,-121.9788748,95032,0.22024123,1.525925162148950,0.834253995,1,0,1,,
349,37.3005419,-122.0068941,95070,0.268768215,0.920672619,0.492536426,1,0,1,,
350,37.2960894,-121.9714027,95032,0.22024123,1.583411046254090,0.866709764,1,0,1,,
351,37.3085199,-121.9742352,95051,0.476904035,1.155700424163130,0.625230012,0,0,1,,
352,37.2991858,-121.974352,95051,0.476904035,1.487271163024150,0.812430459,0,0,1,,
353,37.2960894,-121.971993,95032,0.22024123,1.592937333285960,0.872088179,1,0,1,,
354,37.2899865,-121.9579096,95032,0.22024123,1.443382675867890,0.787651601,1,0,1,,
355,37.2899865,-121.9634157,95032,0.22024123,1.336149294862330,0.727109054,1,0,1,,
356,37.3085199,-121.9839364,95051,0.476904035,1.091936742285860,0.589229882,0,0,1,,
357,37.2936298,-122.0036207,95070,0.268768215,0.929711675,0.497639758,1,0,1,,
358,37.2831277,-121.9920513,95070,0.268768215,1.608739777867060,0.88101003,1,0,1,,
359,37.2857072,-121.9585724,95032,0.22024123,1.281868779161290,0.696462994,1,0,1,,
360,37.2936298,-121.9516816,95008,0.397310299,1.216359541801940,0.659477346,0,0,1,,
361,37.3049715,-121.9663624,95051,0.476904035,1.501235390450740,0.820314477,0,0,1,,
362,37.3005419,-121.9660024,95051,0.476904035,1.651284872765270,0.905030427,0,0,1,,
363,37.3028574,-121.9826864,95051,0.476904035,1.294107256334910,0.703372676,0,0,1,,
364,37.2816897,-121.9781687,95032,0.22024123,1.305284784347600,0.70968336,1,0,1,,
365,37.298107,-121.9807024,95051,0.476904035,1.508210355514670,0.82425245,0,0,1,,
366,37.3006486,-121.964071,95032,0.22024123,1.718001963802420,0.942698013,1,0,1,,
367,37.2816897,-121.9708138,95032,0.22024123,1.063413587673470,0.573126087,1,0,1,,
368,37.298107,-122.0119065,95070,0.268768215,0.667512894,0.349605799,1,0,1,,
369,37.2816897,-121.971006,95032,0.22024123,1.067355262092380,0.575351504,1,0,1,,
370,37.3005419,-121.9669949,95051,0.476904035,1.616710757633450,0.88551034,0,0,1,,
371,37.2945064,-121.9559328,95008,0.397310299,1.511481781141570,0.826099453,0,0,1,,
372,37.3006486,-121.9604334,95032,0.22024123,1.758723727060540,0.965688981,1,0,1,,
373,37.3005419,-121.9700021,95051,0.476904035,1.526052197359030,0.834325717,0,0,1,,
374,37.2816897,-121.9715948,95032,0.22024123,1.080357496934690,0.582692393,1,0,1,,
375,37.3085199,-121.9783381,95051,0.476904035,1.118907987967540,0.60445749,0,0,1,,
376,37.2857072,-121.9552982,95032,0.22024123,1.391761433000000,0.758506931,1,0,1,,
377,37.298107,-121.9956717,95051,0.476904035,1.071043274457790,0.577433707,0,0,1,,
378,37.3085199,-121.9764113,95051,0.476904035,1.127491817741100,0.609303806,0,0,1,,
379,37.2886359,-121.9544241,95008,0.397310299,1.409115172325360,0.768304622,0,0,1,,
380,37.2991858,-121.9780515,95051,0.476904035,1.460687282570670,0.797421552,0,0,1,,
381,37.3028574,-121.984025,95051,0.476904035,1.229075877542700,0.666656821,0,0,1,,
382,37.2936298,-121.9469393,95008,0.397310299,0.88930692,0.474827768,0,0,1,,
383,37.3028574,-121.9874452,95051,0.476904035,1.081243611222430,0.583192682,0,0,1,,
384,37.298107,-121.9891695,95051,0.476904035,1.175279218232980,0.63628394,0,0,1,,
385,37.2886359,-121.9994561,95070,0.268768215,1.129968251595190,0.610701968,1,0,1,,
386,37.3005419,-121.9723812,95051,0.476904035,1.471261116964090,0.803391399,0,0,1,,
387,37.2973888,-122.0163871,95070,0.268768215,0.603141513,0.31326257,1,0,1,,
388,37.3049715,-121.9698067,95051,0.476904035,1.383372696187410,0.753770761,0,0,1,,
389,37.3006486,-122.0139739,95070,0.268768215,0.723789334,0.381378732,1,0,1,,
390,37.3028574,-121.987948,95051,0.476904035,1.062212749546920,0.572448109,0,0,1,,
391,37.2991858,-121.9768861,95051,0.476904035,1.464306783530200,0.799465075,0,0,1,,
392,37.2886359,-121.9487807,95008,0.397310299,1.021065689506990,0.549217024,0,0,1,,
393,37.2831277,-121.9928545,95070,0.268768215,1.553304933795250,0.849712251,1,0,1,,
394,37.2886359,-121.9430711,95008,0.397310299,0.630848025,0.3289053,0,0,1,,
395,37.3005419,-121.9747988,95051,0.476904035,1.432861772000000,0.781711638,0,0,1,,
396,37.2886359,-121.9902546,95051,0.476904035,1.475333792465780,0.805690778,0,0,1,,
397,37.3049715,-121.978246,95051,0.476904035,1.248800779378510,0.677793239,0,0,1,,
398,37.298107,-121.9863152,95051,0.476904035,1.269478016407090,0.689467333,0,0,1,,
399,37.2991858,-121.9769301,95051,0.476904035,1.464089840199270,0.799342591,0,0,1,,
400,37.2973888,-122.0117128,95070,0.268768215,0.647965131,0.338569391,1,0,1,,
401,37.2960894,-121.9948015,95051,0.476904035,1.148332718514870,0.621070303,0,0,1,,
402,37.2899865,-121.9553966,95008,0.397310299,1.472956790896500,0.804348754,0,0,1,,
403,37.2989946,-122.016216,95070,0.268768215,0.660325446,0.345547861,1,0,1,,
404,37.298107,-121.9808398,95051,0.476904035,1.507017576264840,0.823579022,0,0,1,,
405,37.2945064,-121.9815254,95051,0.476904035,1.572362549633270,0.860471929,0,0,1,,
406,37.298107,-122.0025593,95070,0.268768215,1.079893012846020,0.582430152,1,0,1,,
407,37.3075707,-121.9376971,95008,0.397310299,0.625378815,0.325817456,0,0,1,,
408,37.3075707,-121.9346659,95008,0.397310299,0.575241844,0.297510787,0,0,1,,
409,37.2899865,-121.9747229,95032,0.22024123,1.442529279399540,0.787169784,1,0,1,,
410,37.3085199,-121.9559273,95008,0.397310299,1.626271762184440,0.890908356,0,0,1,,
411,37.3085199,-121.9511797,95008,0.397310299,1.327750265021410,0.722367073,0,0,1,,
412,37.2945064,-121.9791432,95051,0.476904035,1.632471115348330,0.894408429,0,0,1,,
413,37.2886359,-122.0021944,95070,0.268768215,0.947711132,0.507802013,1,0,1,,
414,37.3075707,-121.93804,95008,0.397310299,0.635163093,0.33134153,0,0,1,,
415,37.298107,-121.9938828,95051,0.476904035,1.082264440470930,0.583769028,0,0,1,,
416,37.2960894,-121.9964966,95051,0.476904035,1.144504888195290,0.618909161,0,0,1,,
417,37.3006486,-122.0205322,95070,0.268768215,0.803623968,0.426452308,1,0,1,,
418,37.3075707,-121.9399063,95008,0.397310299,0.700174906,0.368046338,0,0,1,,
419,37.2882109,-121.9903897,95051,0.476904035,1.487741511777640,0.812696012,0,0,1,,
420,37.2882109,-121.9837497,95051,0.476904035,1.670805315859520,0.916051411,0,0,1,,
421,37.2795579,-122.008969,95070,0.268768215,0.441367341,0.221927015,1,0,1,,
422,37.2936298,-122.0050771,95070,0.268768215,0.843784058,0.449126164,1,0,1,,
423,37.3075707,-121.9458035,95008,0.397310299,0.991538335,0.532546271,0,0,1,,
424,37.298107,-122.0081138,95070,0.268768215,0.798360189,0.423480449,1,0,1,,
425,37.3085199,-122.0196579,95014,0.532997999,0.952929176,0.510748051,1,0,1,,
426,37.3085199,-122.0183053,95014,0.532997999,0.964009853,0.517004055,1,0,1,,
427,37.3075707,-121.9524881,95008,0.397310299,1.394065482836850,0.759807767,0,0,1,,
428,37.3075707,-121.9503694,95008,0.397310299,1.262090091780010,0.685296209,0,0,1,,
429,37.298107,-122.0098737,95070,0.268768215,0.728900549,0.384264456,1,0,1,,
430,37.3075707,-122.0191958,95014,0.532997999,0.990296547,0.531845174,1,0,1,,
431,37.298107,-122.015312,95070,0.268768215,0.624810777,0.325496749,1,0,1,,
432,37.2899865,-121.9680141,95032,0.22024123,1.325977428571540,0.721366153,1,0,1,,
433,37.2831277,-121.995419,95070,0.268768215,1.376344303375360,0.749802623,1,0,1,,
434,37.3075707,-121.9537064,95008,0.397310299,1.471190514062800,0.803351538,0,0,1,,
435,37.2899865,-121.9739618,95032,0.22024123,1.422206335717870,0.775695719,1,0,1,,
436,37.2973888,-122.0070765,95070,0.268768215,0.82557894,0.438847795,1,0,1,,
437,37.2795579,-122.0108646,95070,0.268768215,0.311817362,0.148784813,1,0,1,,
438,37.3005419,-122.0059436,95070,0.268768215,0.963483008,0.516706605,1,0,1,,
439,37.3075707,-121.9544467,95008,0.397310299,1.518421740985830,0.830017663,0,0,1,,
440,37.3005419,-122.0066063,95070,0.268768215,0.933354581,0.499696494,1,0,1,,
441,37.298107,-122.0096394,95070,0.268768215,0.73736862,0.389045417,1,0,1,,
442,37.3049715,-121.9727905,95051,0.476904035,1.307961635420750,0.711194675,0,0,1,,
443,37.2831277,-121.9979445,95070,0.268768215,1.202143966653830,0.651451421,1,0,1,,
444,37.2886359,-122.0166699,95070,0.268768215,0.293387273,0.138379429,1,0,1,,
445,37.2831277,-122.0029731,95070,0.268768215,0.855659333,0.455830786,1,0,1,,
446,37.3049715,-121.9565322,95008,0.397310299,1.622173227864780,0.888594378,0,0,1,,
447,37.2973888,-122.0036609,95070,0.268768215,1.002846513318090,0.538930719,1,0,1,,
448,37.2886359,-122.0066008,95070,0.268768215,0.662661029,0.3468665,1,0,1,,
449,37.2831277,-122.0124721,95070,0.268768215,0.210169817,0.091395956,1,0,1,,
450,37.3049715,-121.9507507,95008,0.397310299,1.246087213995280,0.676261196,0,0,1,,
451,37.3049715,-121.9572833,95008,0.397310299,1.671829202739940,0.916629484,0,0,1,,
452,37.2795579,-122.0182492,95070,0.268768215,0.210497101,0.091580736,1,0,1,,
453,37.2886359,-122.0096485,95070,0.268768215,0.479678389,0.243556926,1,0,1,,
454,37.3005419,-121.9571764,95008,0.397310299,1.625564505857210,0.890509049,0,0,1,,
455,37.3006486,-121.931408,95008,0.397310299,0.371024158,0.182212186,0,0,1,,
456,37.3004791,-121.9489776,95008,0.397310299,1.074939893319310,0.579633686,0,0,1,,
457,37.3004791,-121.9494295,95008,0.397310299,1.104834537776990,0.596511806,0,0,1,,
458,37.2991858,-121.943899,95008,0.397310299,0.727833152,0.383661818,0,0,1,,
459,37.3004791,-121.9553229,95008,0.397310299,1.499675247137540,0.819433641,0,0,1,,
460,37.3006486,-121.9345425,95008,0.397310299,0.322364779,0.154739745,0,0,1,,
461,37.2936298,-122.0092956,95070,0.268768215,0.620372732,0.322991088,1,0,1,,
462,37.2991858,-121.9451195,95008,0.397310299,0.806861499,0.428280176,0,0,1,,
463,37.2795579,-122.0131001,95070,0.268768215,0.162023036,0.064212921,1,0,1,,
464,37.3005419,-121.9537281,95008,0.397310299,1.392646034565850,0.759006365,0,0,1,,
465,37.3006486,-121.9457046,95008,0.397310299,0.863528278,0.460273489,0,0,1,,
466,37.3006486,-121.9537939,95008,0.397310299,1.397964286222770,0.762008979,0,0,1,,
467,37.3006486,-121.9479375,95008,0.397310299,1.008396857994990,0.54206437,0,0,1,,
468,37.2989946,-121.9357585,95008,0.397310299,0.284499655,0.133361597,0,0,1,,
469,37.2991858,-121.9549389,95008,0.397310299,1.464371467381280,0.799501594,0,0,1,,
470,37.2989946,-121.9422141,95008,0.397310299,0.618054898,0.321682469,0,0,1,,
471,37.2991858,-121.9513028,95008,0.397310299,1.218216655181730,0.660525848,0,0,1,,
472,37.3006486,-121.9405698,95008,0.397310299,0.550174451,0.283358068,0,0,1,,
473,37.3006486,-121.958712,95008,0.397310299,1.730476597136090,0.949741026,0,0,1,,
474,37.2991858,-121.9575249,95008,0.397310299,1.640376762787600,0.898871853,0,0,1,,
475,37.3005419,-121.9498323,95008,0.397310299,1.132183036755640,0.611952407,0,0,1,,
476,37.2989946,-121.9466549,95008,0.397310299,0.905602513,0.484028044,0,0,1,,
477,37.2831277,-122.0056585,95070,0.268768215,0.671042769,0.35159872,1,0,1,,
478,37.2989946,-121.9488637,95008,0.397310299,1.052691440475770,0.567072504,0,0,1,,
479,37.2831277,-122.011779,95070,0.268768215,0.255401506,0.116933168,1,0,1,,
480,37.2886359,-122.0133168,95070,0.268768215,0.310039198,0.147780885,1,0,1,,
481,37.2989946,-121.9521803,95008,0.397310299,1.275994730494470,0.693146584,0,0,1,,
482,37.2989946,-121.952215,95008,0.397310299,1.278342020877690,0.694471833,0,0,1,,
483,37.2831277,-122.0078639,95070,0.268768215,0.519925098,0.266279685,1,0,1,,
484,37.2765438,-122.170425,95070,0.268768215,0.362432964,0.177361712,1,0,0,,
485,37.2767965,-122.0170435,95070,0.268768215,0.196660302,0.083768663,1,0,0,,
486,37.2709035,-122.0207343,95070,0.268768215,0.528014981,0.270847125,1,0,0,,
487,37.2785666,-122.0230772,95070,0.268768215,0.544532028,0.280172431,1,0,0,,
488,37.2780842,-122.0231375,95070,0.268768215,0.551847094,0.28430242,1,0,0,,
489,37.2761554,-122.0146761,95070,0.268768215,0.184544627,0.076928313,1,0,0,,
490,37.2786442,-122.0170232,95070,0.268768215,0.147737683,0.0561476,1,0,0,,
491,37.2768026,-122.0170616,95070,0.268768215,0.197249374,0.084101245,1,0,0,,
492,37.2803671,-122.014639,95070,0.268768215,0.052533365,0.002396503,1,0,0,,
493,37.2792909,-122.0207976,95070,0.268768215,0.384797486,0.189988425,1,0,0,,
494,37.2786434,-122.0169232,95070,0.268768215,0.142269957,0.053060594,1,0,0,,
495,37.2759486,-122.0166566,95070,0.268768215,0.20885678,0.090654633,1,0,0,,
496,37.2768445,-122.0159938,95070,0.268768215,0.161209893,0.063753831,1,0,0,,
497,37.2795659,-122.0214041,95070,0.268768215,0.424763709,0.212552825,1,0,0,,
498,37.2796796,-122.0145437,95070,0.268768215,0.072845989,0.013864742,1,0,0,,
499,37.2795579,-122.021372,95070,0.268768215,0.422601849,0.211332267,1,0,0,,
500,37.2762184,-122.0144616,95070,0.268768215,0.186405344,0.077978849,1,0,0,,
501,37.2768258,-122.0144954,95070,0.268768215,0.164613907,0.065675693,1,0,0,,
502,37.2777961,-122.0231083,95070,0.268768215,0.552052041,0.284418131,1,0,0,,
503,37.2777943,-122.0225769,95070,0.268768215,0.516276097,0.264219507,1,0,0,,
504,37.2776216,-122.0163341,95070,0.268768215,0.144258241,0.054183153,1,0,0,,
505,37.2776195,-122.0151656,95070,0.268768215,0.126065146,0.043911573,1,0,0,,
506,37.2776272,-122.0157497,95070,0.268768215,0.129073162,0.045609858,1,0,0,,
507,37.2777961,-122.0220298,95070,0.268768215,0.479558752,0.24348938,1,0,0,,
508,37.2776032,-122.0146409,95070,0.268768215,0.134415631,0.048626146,1,0,0,,
509,37.2791201,-122.0169299,95070,0.268768215,0.132550327,0.04757302,1,0,0,,
510,37.277612,-122.0171002,95070,0.268768215,0.176669772,0.072482274,1,0,0,,
511,37.2777081,-122.0176795,95070,0.268768215,0.204590996,0.088246228,1,0,0,,
512,37.2777964,-122.0213324,95070,0.268768215,0.433045529,0.21722863,1,0,0,,
513,37.2777927,-122.018104,95070,0.268768215,0.227121233,0.100966501,1,0,0,,
514,37.2789553,-122.014526,95070,0.268768215,0.093839557,0.025717432,1,0,0,,
515,37.2777897,-122.0209197,95070,0.268768215,0.405778765,0.201834177,1,0,0,,
516,37.2777945,-122.020994,95070,0.268768215,0.410636903,0.204577017,1,0,0,,
517,37.2777927,-122.0198096,95070,0.268768215,0.333198727,0.160856449,1,0,0,,
518,37.2776294,-122.0143476,95070,0.268768215,0.141786308,0.052787532,1,0,0,,
519,37.2776046,-122.0151653,95070,0.268768215,0.12661092,0.04421971,1,0,0,,
520,37.2777932,-122.0192406,95070,0.268768215,0.296817345,0.140316002,1,0,0,,
521,37.2782278,-122.0145162,95070,0.268768215,0.116962931,0.038772583,1,0,0,,
522,37.2786135,-122.0186063,95070,0.268768215,0.244805275,0.110950677,1,0,0,,
523,37.2777975,-122.018675,95070,0.268768215,0.261433247,0.120338609,1,0,0,,
524,37.2774861,-122.0145025,95070,0.268768215,0.141920914,0.052863529,1,0,0,,
525,37.2776016,-122.0145179,95070,0.268768215,0.137613098,0.050431393,1,0,0,,